id;ville;annee;mois;temp_moy;temp_max_moy;temp_min_moy;precipitation_mm;ensoleillement_h
1;Lille;1950;1;2.7;7.8;-3.1;50;57
2;Lille;1950;2;4.4;9.4;-0.1;51;67
3;Lille;1950;3;6.5;12.9;1.9;49;113
4;Lille;1950;4;11.1;17.1;5.1;35;164
5;Lille;1950;5;13.4;19.6;9.1;44;174
6;Lille;1950;6;17.7;22.3;13.0;52;158
7;Lille;1950;7;19.5;24.8;14.8;57;178
8;Lille;1950;8;18.3;23.4;13.9;74;156
9;Lille;1950;9;16.5;21.0;10.8;68;125
10;Lille;1950;10;11.6;18.0;6.0;61;73
11;Lille;1950;11;7.6;12.6;1.6;52;45
12;Lille;1950;12;3.7;9.2;-2.0;46;37
13;Paris;1950;1;4.3;10.8;-0.6;42;67
14;Paris;1950;2;7.2;13.4;2.5;35;83
15;Paris;1950;3;10.2;14.7;5.9;54;119
16;Paris;1950;4;13.0;17.7;7.4;43;160
17;Paris;1950;5;15.9;21.3;10.0;47;162
18;Paris;1950;6;19.8;24.9;15.5;59;186
19;Paris;1950;7;21.5;26.4;16.7;64;194
20;Paris;1950;8;21.3;26.5;15.9;65;214
21;Paris;1950;9;18.1;24.5;12.7;59;137
22;Paris;1950;10;12.6;17.2;8.3;72;124
23;Paris;1950;11;8.0;13.5;3.5;55;69
24;Paris;1950;12;5.3;10.1;1.0;43;58
25;Nantes;1950;1;4.4;10.2;-0.8;85;77
26;Nantes;1950;2;6.1;11.2;1.9;48;74
27;Nantes;1950;3;8.9;14.6;4.5;51;126
28;Nantes;1950;4;11.3;16.2;6.7;62;182
29;Nantes;1950;5;16.1;21.0;10.9;54;193
30;Nantes;1950;6;17.4;23.3;11.6;36;202
31;Nantes;1950;7;21.0;26.9;16.8;44;258
32;Nantes;1950;8;20.3;26.3;15.5;55;196
33;Nantes;1950;9;16.7;22.8;11.8;42;153
34;Nantes;1950;10;13.7;20.1;7.8;71;120
35;Nantes;1950;11;9.3;15.5;3.6;61;85
36;Nantes;1950;12;8.8;13.6;3.1;75;76
37;Bordeaux;1950;1;6.3;11.7;1.4;79;76
38;Bordeaux;1950;2;7.8;12.4;3.6;62;100
39;Bordeaux;1950;3;11.5;16.1;6.6;49;172
40;Bordeaux;1950;4;14.5;20.9;10.0;61;202
41;Bordeaux;1950;5;17.6;22.3;13.4;74;225
42;Bordeaux;1950;6;21.2;26.6;16.9;47;186
43;Bordeaux;1950;7;23.3;28.9;18.4;54;300
44;Bordeaux;1950;8;23.0;29.3;17.9;63;289
45;Bordeaux;1950;9;18.9;24.7;14.1;83;172
46;Bordeaux;1950;10;15.1;20.6;10.6;104;119
47;Bordeaux;1950;11;8.8;13.9;2.9;98;73
48;Bordeaux;1950;12;7.6;13.4;3.5;80;73
49;Marseille;1950;1;8.4;14.2;3.8;52;177
50;Marseille;1950;2;10.3;16.3;5.3;37;144
51;Marseille;1950;3;12.5;18.5;6.6;50;241
52;Marseille;1950;4;16.0;21.5;11.3;27;241
53;Marseille;1950;5;18.6;24.9;14.4;31;244
54;Marseille;1950;6;22.1;28.1;16.2;21;293
55;Marseille;1950;7;26.9;32.7;21.9;8;417
56;Marseille;1950;8;24.9;29.7;19.5;19;281
57;Marseille;1950;9;22.7;27.5;17.9;63;282
58;Marseille;1950;10;18.2;22.9;12.7;60;162
59;Marseille;1950;11;13.5;19.9;8.7;50;112
60;Marseille;1950;12;8.2;13.5;2.9;50;146
61;Lille;1951;1;3.9;9.2;-1.2;43;58
62;Lille;1951;2;5.2;10.2;-0.6;44;72
63;Lille;1951;3;7.5;13.6;2.1;37;91
64;Lille;1951;4;10.1;15.8;5.9;41;144
65;Lille;1951;5;14.0;19.2;9.3;52;193
66;Lille;1951;6;17.6;23.0;12.5;40;217
67;Lille;1951;7;19.9;25.4;15.2;69;215
68;Lille;1951;8;20.4;25.0;14.9;78;159
69;Lille;1951;9;16.3;22.0;12.0;43;111
70;Lille;1951;10;12.2;18.2;6.7;72;72
71;Lille;1951;11;5.3;10.9;-0.0;69;54
72;Lille;1951;12;4.7;10.5;-0.6;64;39
73;Paris;1951;1;4.3;10.1;-0.8;59;57
74;Paris;1951;2;5.3;11.8;0.8;31;81
75;Paris;1951;3;9.3;14.5;5.2;34;118
76;Paris;1951;4;11.7;16.8;7.3;44;160
77;Paris;1951;5;16.4;22.5;11.1;53;189
78;Paris;1951;6;19.1;25.0;14.8;38;195
79;Paris;1951;7;20.7;25.9;15.5;56;239
80;Paris;1951;8;21.3;27.0;15.7;52;218
81;Paris;1951;9;17.0;21.7;11.0;69;156
82;Paris;1951;10;13.1;19.6;8.1;68;125
83;Paris;1951;11;9.3;15.5;4.0;62;75
84;Paris;1951;12;4.0;10.3;-1.5;53;56
85;Nantes;1951;1;6.7;13.0;1.7;87;87
86;Nantes;1951;2;6.8;12.9;0.9;84;95
87;Nantes;1951;3;9.4;15.2;3.6;44;165
88;Nantes;1951;4;11.3;17.6;5.9;67;150
89;Nantes;1951;5;15.6;20.1;11.5;50;237
90;Nantes;1951;6;18.6;23.6;13.6;53;182
91;Nantes;1951;7;21.1;27.4;15.5;37;235
92;Nantes;1951;8;20.8;26.4;16.6;37;178
93;Nantes;1951;9;17.8;23.4;12.9;69;181
94;Nantes;1951;10;12.7;18.6;8.4;101;100
95;Nantes;1951;11;10.5;15.5;5.6;65;69
96;Nantes;1951;12;7.0;12.7;2.8;64;71
97;Bordeaux;1951;1;7.2;13.5;2.9;77;94
98;Bordeaux;1951;2;9.0;13.9;4.1;64;100
99;Bordeaux;1951;3;11.9;17.9;6.4;69;167
100;Bordeaux;1951;4;14.0;20.3;8.7;76;158
101;Bordeaux;1951;5;17.0;21.5;11.1;79;189
102;Bordeaux;1951;6;20.1;26.0;14.4;62;224
103;Bordeaux;1951;7;22.5;27.9;17.4;35;241
104;Bordeaux;1951;8;21.9;26.9;17.6;42;266
105;Bordeaux;1951;9;19.7;25.4;15.4;56;183
106;Bordeaux;1951;10;14.9;20.6;10.1;101;129
107;Bordeaux;1951;11;8.9;15.2;4.3;92;94
108;Bordeaux;1951;12;7.6;13.1;1.9;111;72
109;Marseille;1951;1;9.2;14.7;3.7;47;138
110;Marseille;1951;2;9.3;15.8;3.9;47;144
111;Marseille;1951;3;12.7;18.4;6.8;49;231
112;Marseille;1951;4;16.2;21.4;10.4;29;242
113;Marseille;1951;5;19.5;24.0;14.3;33;329
114;Marseille;1951;6;22.8;28.6;17.9;18;271
115;Marseille;1951;7;25.6;30.7;20.6;5;311
116;Marseille;1951;8;26.1;31.0;21.0;17;276
117;Marseille;1951;9;21.6;27.8;16.3;39;208
118;Marseille;1951;10;16.6;21.9;10.8;82;163
119;Marseille;1951;11;12.7;18.5;8.0;83;128
120;Marseille;1951;12;7.9;13.9;3.0;56;142
121;Lille;1952;1;4.4;10.3;-1.3;64;44
122;Lille;1952;2;4.4;9.2;-0.0;32;75
123;Lille;1952;3;7.7;12.2;3.5;57;100
124;Lille;1952;4;10.3;16.5;5.1;43;131
125;Lille;1952;5;14.7;21.0;10.0;61;164
126;Lille;1952;6;18.1;22.8;12.5;56;201
127;Lille;1952;7;18.9;25.3;14.5;68;153
128;Lille;1952;8;19.7;25.7;14.4;74;187
129;Lille;1952;9;16.3;22.7;11.2;47;117
130;Lille;1952;10;10.6;15.8;6.2;60;94
131;Lille;1952;11;7.6;12.2;1.6;64;55
132;Lille;1952;12;5.7;10.7;1.0;65;45
133;Paris;1952;1;6.2;11.2;0.7;50;69
134;Paris;1952;2;6.1;11.0;0.4;45;64
135;Paris;1952;3;9.2;14.7;3.5;39;128
136;Paris;1952;4;12.8;17.4;7.2;50;157
137;Paris;1952;5;15.8;20.6;10.2;63;201
138;Paris;1952;6;19.1;25.1;13.1;64;228
139;Paris;1952;7;20.9;27.2;15.1;63;194
140;Paris;1952;8;20.1;25.4;15.7;51;177
141;Paris;1952;9;17.0;23.2;11.6;50;190
142;Paris;1952;10;13.3;19.8;9.1;51;126
143;Paris;1952;11;8.2;14.1;3.2;50;59
144;Paris;1952;12;5.1;9.7;0.5;57;58
145;Nantes;1952;1;7.9;13.4;2.7;82;66
146;Nantes;1952;2;6.8;13.0;1.0;77;75
147;Nantes;1952;3;10.3;14.9;5.1;55;132
148;Nantes;1952;4;12.1;17.4;6.9;40;202
149;Nantes;1952;5;16.4;21.4;10.9;53;164
150;Nantes;1952;6;18.5;23.7;14.3;32;190
151;Nantes;1952;7;20.3;26.4;15.2;44;233
152;Nantes;1952;8;20.3;26.6;14.5;46;251
153;Nantes;1952;9;18.1;23.5;13.3;61;143
154;Nantes;1952;10;13.0;18.3;8.0;107;113
155;Nantes;1952;11;9.2;14.3;3.3;78;60
156;Nantes;1952;12;7.5;12.9;2.0;105;68
157;Bordeaux;1952;1;7.1;13.6;1.2;97;76
158;Bordeaux;1952;2;7.6;12.4;3.2;49;87
159;Bordeaux;1952;3;12.8;18.5;8.3;86;145
160;Bordeaux;1952;4;13.1;19.3;8.7;78;143
161;Bordeaux;1952;5;17.2;22.9;13.1;49;249
162;Bordeaux;1952;6;20.2;25.2;15.7;59;260
163;Bordeaux;1952;7;22.8;28.2;16.9;49;275
164;Bordeaux;1952;8;23.8;30.0;18.6;54;243
165;Bordeaux;1952;9;19.3;25.6;13.5;67;154
166;Bordeaux;1952;10;12.7;19.1;7.6;114;143
167;Bordeaux;1952;11;9.2;15.7;3.8;109;97
168;Bordeaux;1952;12;8.4;13.5;3.5;110;65
169;Marseille;1952;1;8.2;14.2;3.3;48;125
170;Marseille;1952;2;9.7;16.2;4.2;35;176
171;Marseille;1952;3;12.8;17.4;7.4;43;193
172;Marseille;1952;4;15.2;21.3;9.9;29;257
173;Marseille;1952;5;20.0;24.7;15.3;30;244
174;Marseille;1952;6;22.7;27.8;17.0;13;315
175;Marseille;1952;7;26.8;33.1;21.9;5;414
176;Marseille;1952;8;25.8;30.8;20.0;18;284
177;Marseille;1952;9;22.9;28.3;18.7;35;217
178;Marseille;1952;10;18.0;23.8;12.2;57;146
179;Marseille;1952;11;13.9;20.2;9.1;79;110
180;Marseille;1952;12;9.4;15.4;4.6;51;125
181;Lille;1953;1;3.5;9.3;-1.8;42;58
182;Lille;1953;2;4.6;10.4;0.3;54;80
183;Lille;1953;3;5.1;10.5;-0.3;55;117
184;Lille;1953;4;10.3;16.2;4.8;37;159
185;Lille;1953;5;15.1;21.5;9.2;50;149
186;Lille;1953;6;17.9;24.3;13.0;40;179
187;Lille;1953;7;20.1;26.5;15.8;62;153
188;Lille;1953;8;19.1;24.5;15.0;69;179
189;Lille;1953;9;15.9;21.3;11.6;51;152
190;Lille;1953;10;10.9;17.3;6.1;62;93
191;Lille;1953;11;7.3;13.3;2.9;64;59
192;Lille;1953;12;4.3;9.5;-1.0;71;37
193;Paris;1953;1;5.5;10.4;0.6;56;58
194;Paris;1953;2;7.0;12.2;1.7;48;76
195;Paris;1953;3;9.8;14.8;5.2;35;127
196;Paris;1953;4;12.2;18.6;7.3;36;191
197;Paris;1953;5;16.5;21.0;11.8;46;161
198;Paris;1953;6;16.8;22.0;11.4;67;180
199;Paris;1953;7;20.7;26.6;15.1;50;215
200;Paris;1953;8;21.9;28.1;17.8;59;173
201;Paris;1953;9;16.9;23.1;11.4;42;153
202;Paris;1953;10;13.5;18.3;7.6;63;87
203;Paris;1953;11;7.3;12.0;2.0;47;64
204;Paris;1953;12;5.5;11.3;1.1;63;41
205;Nantes;1953;1;6.7;12.0;1.4;73;88
206;Nantes;1953;2;7.4;12.1;1.5;57;95
207;Nantes;1953;3;9.1;15.1;3.8;67;120
208;Nantes;1953;4;11.0;15.7;5.7;47;145
209;Nantes;1953;5;16.3;21.8;11.3;68;221
210;Nantes;1953;6;18.8;23.8;14.5;33;194
211;Nantes;1953;7;20.5;26.5;15.3;42;194
212;Nantes;1953;8;20.2;24.7;14.5;35;183
213;Nantes;1953;9;17.3;22.7;12.3;69;182
214;Nantes;1953;10;14.3;20.1;8.4;90;90
215;Nantes;1953;11;8.4;13.4;3.6;68;88
216;Nantes;1953;12;7.5;12.9;2.3;61;74
217;Bordeaux;1953;1;7.4;13.5;3.4;94;83
218;Bordeaux;1953;2;8.7;14.6;3.3;53;92
219;Bordeaux;1953;3;10.1;15.6;5.8;52;171
220;Bordeaux;1953;4;13.6;19.7;9.2;52;196
221;Bordeaux;1953;5;16.4;21.7;10.6;50;177
222;Bordeaux;1953;6;20.9;26.2;15.4;51;231
223;Bordeaux;1953;7;22.9;28.9;17.4;38;294
224;Bordeaux;1953;8;22.0;27.8;17.1;64;214
225;Bordeaux;1953;9;19.4;25.4;14.4;58;177
226;Bordeaux;1953;10;14.8;20.7;10.2;97;117
227;Bordeaux;1953;11;10.1;16.3;5.2;84;73
228;Bordeaux;1953;12;7.5;13.0;2.4;79;73
229;Marseille;1953;1;7.7;12.4;2.5;55;148
230;Marseille;1953;2;8.6;14.9;2.9;39;174
231;Marseille;1953;3;12.8;18.6;7.1;30;178
232;Marseille;1953;4;15.4;20.7;9.5;32;211
233;Marseille;1953;5;19.4;24.3;13.4;23;317
234;Marseille;1953;6;22.8;29.2;17.5;23;290
235;Marseille;1953;7;26.5;32.6;22.0;5;305
236;Marseille;1953;8;27.0;32.6;22.6;12;295
237;Marseille;1953;9;22.1;28.6;17.3;59;259
238;Marseille;1953;10;17.6;23.6;12.4;50;196
239;Marseille;1953;11;13.0;18.2;8.3;70;134
240;Marseille;1953;12;8.7;14.3;2.8;62;126
241;Lille;1954;1;4.1;9.8;-1.0;65;58
242;Lille;1954;2;4.0;9.2;-0.9;47;68
243;Lille;1954;3;8.9;14.3;3.3;50;134
244;Lille;1954;4;10.3;15.0;6.0;50;151
245;Lille;1954;5;14.5;20.8;8.6;69;172
246;Lille;1954;6;16.7;23.1;12.4;51;149
247;Lille;1954;7;18.9;23.7;14.6;89;162
248;Lille;1954;8;19.0;25.2;13.6;43;204
249;Lille;1954;9;15.5;21.5;11.3;63;128
250;Lille;1954;10;11.6;17.7;6.5;79;100
251;Lille;1954;11;7.7;12.9;3.4;60;53
252;Lille;1954;12;5.0;10.6;-0.1;64;34
253;Paris;1954;1;6.0;10.7;0.3;67;72
254;Paris;1954;2;6.1;12.0;1.0;52;77
255;Paris;1954;3;9.4;14.8;4.8;44;142
256;Paris;1954;4;12.7;17.2;8.6;56;177
257;Paris;1954;5;16.4;22.4;10.9;54;170
258;Paris;1954;6;19.9;26.4;15.1;59;176
259;Paris;1954;7;21.9;28.3;16.0;51;244
260;Paris;1954;8;21.0;26.1;15.9;62;247
261;Paris;1954;9;17.3;23.6;12.4;54;179
262;Paris;1954;10;12.4;17.1;6.8;77;98
263;Paris;1954;11;8.1;14.0;3.1;58;70
264;Paris;1954;12;4.6;9.6;-0.1;64;48
265;Nantes;1954;1;6.3;12.2;1.1;78;83
266;Nantes;1954;2;7.3;13.7;3.1;79;78
267;Nantes;1954;3;9.1;14.0;3.8;44;149
268;Nantes;1954;4;12.5;17.5;8.0;52;142
269;Nantes;1954;5;16.3;20.9;11.4;72;215
270;Nantes;1954;6;18.5;24.5;14.1;56;220
271;Nantes;1954;7;21.9;27.3;16.6;32;212
272;Nantes;1954;8;21.5;27.4;16.1;41;183
273;Nantes;1954;9;17.0;22.1;12.7;52;166
274;Nantes;1954;10;13.8;19.1;9.2;101;107
275;Nantes;1954;11;9.3;15.5;4.3;84;67
276;Nantes;1954;12;6.9;13.2;1.5;74;55
277;Bordeaux;1954;1;6.4;12.1;2.1;94;83
278;Bordeaux;1954;2;7.3;12.3;1.6;79;104
279;Bordeaux;1954;3;11.3;17.5;6.3;84;176
280;Bordeaux;1954;4;12.8;18.8;7.1;61;148
281;Bordeaux;1954;5;16.0;22.1;10.6;64;179
282;Bordeaux;1954;6;20.4;25.3;16.3;55;186
283;Bordeaux;1954;7;23.4;28.4;18.4;41;280
284;Bordeaux;1954;8;22.2;27.9;17.8;59;282
285;Bordeaux;1954;9;20.6;26.4;16.4;74;188
286;Bordeaux;1954;10;13.2;18.9;7.7;82;146
287;Bordeaux;1954;11;10.0;15.5;5.7;106;88
288;Bordeaux;1954;12;6.8;11.6;1.4;77;62
289;Marseille;1954;1;7.9;14.2;3.2;62;163
290;Marseille;1954;2;9.5;15.8;5.0;38;189
291;Marseille;1954;3;12.3;16.9;7.0;40;189
292;Marseille;1954;4;14.5;20.3;9.1;41;208
293;Marseille;1954;5;19.4;23.9;15.3;25;301
294;Marseille;1954;6;24.3;30.4;18.5;17;277
295;Marseille;1954;7;26.2;32.2;21.1;7;350
296;Marseille;1954;8;25.3;29.9;20.2;12;279
297;Marseille;1954;9;21.5;26.2;16.0;36;255
298;Marseille;1954;10;17.2;22.5;11.9;60;151
299;Marseille;1954;11;12.6;18.2;8.0;77;153
300;Marseille;1954;12;10.3;15.7;4.9;65;107
301;Lille;1955;1;3.8;10.1;-1.1;43;44
302;Lille;1955;2;5.7;11.0;1.6;45;69
303;Lille;1955;3;7.5;13.6;2.7;32;110
304;Lille;1955;4;11.0;15.7;5.3;48;157
305;Lille;1955;5;13.6;20.0;8.2;46;159
306;Lille;1955;6;18.1;24.0;12.2;56;177
307;Lille;1955;7;19.5;25.6;13.9;82;180
308;Lille;1955;8;20.3;25.7;15.7;79;206
309;Lille;1955;9;16.5;22.2;12.1;70;141
310;Lille;1955;10;12.1;17.8;7.6;53;96
311;Lille;1955;11;8.0;14.0;3.2;74;54
312;Lille;1955;12;5.1;11.4;-0.5;75;38
313;Paris;1955;1;4.1;9.1;-1.8;50;70
314;Paris;1955;2;5.3;11.5;0.0;38;92
315;Paris;1955;3;9.7;14.3;4.0;59;141
316;Paris;1955;4;11.6;16.7;7.4;50;135
317;Paris;1955;5;15.6;20.9;9.7;56;234
318;Paris;1955;6;19.6;24.8;15.4;70;177
319;Paris;1955;7;20.9;26.2;16.2;78;205
320;Paris;1955;8;20.7;26.8;15.5;53;208
321;Paris;1955;9;17.7;23.4;12.5;39;133
322;Paris;1955;10;13.6;18.7;7.6;70;127
323;Paris;1955;11;7.3;12.6;2.1;65;56
324;Paris;1955;12;5.6;11.4;0.5;65;57
325;Nantes;1955;1;5.7;10.5;-0.0;61;69
326;Nantes;1955;2;6.5;12.4;1.2;74;92
327;Nantes;1955;3;9.5;14.6;4.8;46;157
328;Nantes;1955;4;11.7;17.8;6.0;41;189
329;Nantes;1955;5;15.5;21.6;10.2;67;192
330;Nantes;1955;6;19.1;23.8;13.9;38;221
331;Nantes;1955;7;20.9;27.2;15.9;46;230
332;Nantes;1955;8;21.6;26.8;15.7;53;206
333;Nantes;1955;9;18.5;23.4;13.7;75;191
334;Nantes;1955;10;13.8;19.4;8.1;92;110
335;Nantes;1955;11;9.7;15.5;4.3;86;86
336;Nantes;1955;12;9.0;14.4;3.2;90;56
337;Bordeaux;1955;1;6.8;12.5;1.9;57;87
338;Bordeaux;1955;2;7.0;11.5;2.6;57;97
339;Bordeaux;1955;3;11.6;16.8;7.0;51;175
340;Bordeaux;1955;4;12.7;18.5;7.5;61;151
341;Bordeaux;1955;5;17.8;22.9;12.2;59;228
342;Bordeaux;1955;6;21.6;27.6;17.0;41;220
343;Bordeaux;1955;7;23.8;29.0;17.9;45;292
344;Bordeaux;1955;8;21.7;26.9;16.8;63;208
345;Bordeaux;1955;9;19.4;24.9;14.9;81;215
346;Bordeaux;1955;10;14.2;19.1;9.8;103;109
347;Bordeaux;1955;11;10.0;16.0;5.8;85;71
348;Bordeaux;1955;12;6.6;12.3;1.3;94;66
349;Marseille;1955;1;8.5;13.8;2.8;41;145
350;Marseille;1955;2;10.8;16.0;5.0;48;151
351;Marseille;1955;3;12.5;18.6;7.7;43;209
352;Marseille;1955;4;14.6;20.7;10.2;27;258
353;Marseille;1955;5;19.1;23.6;14.4;31;314
354;Marseille;1955;6;23.3;29.3;19.1;19;346
355;Marseille;1955;7;26.6;31.6;22.2;5;435
356;Marseille;1955;8;25.5;30.2;20.3;18;376
357;Marseille;1955;9;22.3;27.1;16.8;40;217
358;Marseille;1955;10;18.0;23.7;12.5;62;148
359;Marseille;1955;11;13.2;18.0;9.2;47;116
360;Marseille;1955;12;9.5;14.4;5.4;47;113
361;Lille;1956;1;1.9;7.8;-2.8;62;60
362;Lille;1956;2;1.1;6.7;-3.3;44;61
363;Lille;1956;3;7.2;12.3;2.1;52;109
364;Lille;1956;4;10.0;15.3;5.8;47;179
365;Lille;1956;5;15.4;21.6;10.2;64;216
366;Lille;1956;6;17.7;23.2;12.1;71;204
367;Lille;1956;7;20.0;26.4;14.9;51;172
368;Lille;1956;8;19.5;24.4;14.9;60;165
369;Lille;1956;9;15.8;21.4;10.1;51;111
370;Lille;1956;10;11.2;16.4;5.2;59;92
371;Lille;1956;11;6.5;12.7;0.9;62;41
372;Lille;1956;12;3.1;8.2;-2.5;44;35
373;Paris;1956;1;2.7;8.7;-3.0;67;58
374;Paris;1956;2;3.3;9.6;-0.9;34;81
375;Paris;1956;3;8.4;13.5;4.2;37;136
376;Paris;1956;4;12.1;17.7;7.6;52;140
377;Paris;1956;5;16.0;21.8;11.9;69;232
378;Paris;1956;6;18.2;24.4;12.3;57;173
379;Paris;1956;7;20.7;27.1;16.2;77;254
380;Paris;1956;8;20.5;26.9;14.6;50;180
381;Paris;1956;9;17.3;22.3;13.1;70;153
382;Paris;1956;10;12.9;18.2;8.4;67;100
383;Paris;1956;11;8.2;13.2;3.7;39;64
384;Paris;1956;12;5.5;11.0;-0.1;60;40
385;Nantes;1956;1;7.8;12.5;2.1;90;86
386;Nantes;1956;2;5.5;11.7;1.2;85;87
387;Nantes;1956;3;10.7;15.4;6.5;56;152
388;Nantes;1956;4;12.0;18.1;7.9;41;157
389;Nantes;1956;5;14.8;20.1;10.2;68;187
390;Nantes;1956;6;17.2;22.7;11.9;39;247
391;Nantes;1956;7;21.0;26.1;16.9;33;233
392;Nantes;1956;8;20.3;26.5;15.9;43;258
393;Nantes;1956;9;17.0;21.9;12.6;70;172
394;Nantes;1956;10;14.9;19.9;9.0;65;127
395;Nantes;1956;11;9.4;14.2;4.7;107;85
396;Nantes;1956;12;6.9;12.9;2.0;80;65
397;Bordeaux;1956;1;6.4;11.4;2.4;70;90
398;Bordeaux;1956;2;5.3;10.6;-0.1;77;100
399;Bordeaux;1956;3;10.4;16.6;5.2;68;160
400;Bordeaux;1956;4;13.6;18.7;7.8;70;193
401;Bordeaux;1956;5;17.5;22.3;13.2;79;195
402;Bordeaux;1956;6;21.2;27.5;16.7;49;219
403;Bordeaux;1956;7;23.1;28.8;18.0;46;217
404;Bordeaux;1956;8;22.7;28.5;18.0;48;298
405;Bordeaux;1956;9;18.6;24.8;13.7;85;185
406;Bordeaux;1956;10;14.5;20.4;8.7;75;126
407;Bordeaux;1956;11;9.3;14.0;3.4;65;86
408;Bordeaux;1956;12;8.5;14.4;3.5;69;59
409;Marseille;1956;1;10.1;16.5;4.2;39;174
410;Marseille;1956;2;7.1;12.5;2.3;41;173
411;Marseille;1956;3;12.5;18.2;6.6;42;221
412;Marseille;1956;4;15.1;19.7;9.6;31;213
413;Marseille;1956;5;19.0;24.7;13.7;26;315
414;Marseille;1956;6;23.3;28.9;18.3;19;262
415;Marseille;1956;7;26.1;31.7;20.8;7;408
416;Marseille;1956;8;26.1;32.0;21.9;18;403
417;Marseille;1956;9;21.8;28.0;16.5;46;223
418;Marseille;1956;10;17.4;23.1;12.4;54;143
419;Marseille;1956;11;12.7;19.0;8.4;53;111
420;Marseille;1956;12;8.3;14.6;4.3;45;132
421;Lille;1957;1;4.3;9.0;0.1;50;57
422;Lille;1957;2;4.8;9.6;-0.8;39;62
423;Lille;1957;3;8.6;13.5;4.3;48;129
424;Lille;1957;4;9.7;16.1;5.5;37;173
425;Lille;1957;5;14.9;19.6;10.2;64;184
426;Lille;1957;6;16.9;22.2;11.3;42;170
427;Lille;1957;7;19.2;25.1;13.7;57;176
428;Lille;1957;8;18.8;24.8;13.3;69;145
429;Lille;1957;9;16.9;22.7;12.6;55;111
430;Lille;1957;10;10.6;15.8;6.4;80;102
431;Lille;1957;11;7.0;11.8;1.3;60;53
432;Lille;1957;12;4.6;10.8;0.5;44;32
433;Paris;1957;1;5.5;11.9;1.0;37;74
434;Paris;1957;2;4.9;9.8;0.2;52;64
435;Paris;1957;3;9.9;14.8;4.2;60;123
436;Paris;1957;4;13.6;18.9;8.6;43;140
437;Paris;1957;5;16.6;21.4;11.4;52;171
438;Paris;1957;6;18.8;24.4;14.5;49;220
439;Paris;1957;7;21.2;27.3;15.6;65;259
440;Paris;1957;8;21.3;27.1;15.6;54;247
441;Paris;1957;9;17.3;23.7;11.5;46;156
442;Paris;1957;10;14.5;20.5;9.1;71;117
443;Paris;1957;11;9.3;15.5;5.2;56;63
444;Paris;1957;12;5.7;12.1;0.1;46;49
445;Nantes;1957;1;6.0;11.2;0.5;67;90
446;Nantes;1957;2;7.6;13.4;2.2;79;100
447;Nantes;1957;3;10.3;15.9;4.7;55;120
448;Nantes;1957;4;11.9;17.9;7.7;38;198
449;Nantes;1957;5;15.4;21.8;9.4;43;197
450;Nantes;1957;6;18.8;24.0;13.6;58;249
451;Nantes;1957;7;20.7;26.5;16.6;33;252
452;Nantes;1957;8;21.2;27.5;16.8;49;198
453;Nantes;1957;9;16.5;21.6;11.9;68;138
454;Nantes;1957;10;11.9;17.5;6.0;74;103
455;Nantes;1957;11;10.0;14.6;5.3;107;64
456;Nantes;1957;12;6.5;11.5;2.3;75;52
457;Bordeaux;1957;1;6.2;11.3;0.6;82;90
458;Bordeaux;1957;2;6.8;12.5;1.6;64;89
459;Bordeaux;1957;3;10.1;16.4;4.3;77;156
460;Bordeaux;1957;4;12.7;18.9;7.4;86;150
461;Bordeaux;1957;5;17.4;23.5;11.7;65;203
462;Bordeaux;1957;6;20.3;24.9;15.0;72;201
463;Bordeaux;1957;7;24.1;30.4;19.3;34;256
464;Bordeaux;1957;8;22.3;28.6;16.9;48;275
465;Bordeaux;1957;9;18.9;23.7;14.5;61;149
466;Bordeaux;1957;10;13.9;20.0;8.0;88;102
467;Bordeaux;1957;11;8.8;13.7;3.6;106;83
468;Bordeaux;1957;12;7.0;11.7;2.3;64;78
469;Marseille;1957;1;7.8;13.3;2.1;66;165
470;Marseille;1957;2;9.6;14.2;4.8;31;187
471;Marseille;1957;3;12.1;16.6;7.0;47;221
472;Marseille;1957;4;16.0;22.4;10.7;39;187
473;Marseille;1957;5;18.8;23.5;14.4;21;306
474;Marseille;1957;6;24.0;30.1;19.7;18;351
475;Marseille;1957;7;26.7;31.8;21.9;7;430
476;Marseille;1957;8;25.7;31.9;21.4;19;359
477;Marseille;1957;9;22.2;27.7;18.1;51;259
478;Marseille;1957;10;18.3;23.6;13.7;73;158
479;Marseille;1957;11;12.8;18.9;8.6;61;127
480;Marseille;1957;12;11.1;17.5;6.2;54;155
481;Lille;1958;1;4.3;9.0;-0.9;65;54
482;Lille;1958;2;5.4;10.9;1.0;38;76
483;Lille;1958;3;7.4;12.3;2.2;34;121
484;Lille;1958;4;11.4;16.9;6.3;55;163
485;Lille;1958;5;14.0;19.7;8.1;38;189
486;Lille;1958;6;18.3;23.3;14.0;47;223
487;Lille;1958;7;19.8;24.6;14.4;66;210
488;Lille;1958;8;18.4;24.6;14.1;53;183
489;Lille;1958;9;17.6;22.5;11.8;62;153
490;Lille;1958;10;11.8;18.1;7.6;71;82
491;Lille;1958;11;5.7;11.0;1.3;69;46
492;Lille;1958;12;3.2;9.6;-1.8;64;44
493;Paris;1958;1;4.4;10.0;-1.5;63;66
494;Paris;1958;2;3.9;9.9;-1.1;44;64
495;Paris;1958;3;10.3;15.2;5.9;39;135
496;Paris;1958;4;12.8;18.8;8.4;37;159
497;Paris;1958;5;16.0;21.0;11.8;54;214
498;Paris;1958;6;19.0;24.5;13.4;67;227
499;Paris;1958;7;20.4;26.5;15.1;52;185
500;Paris;1958;8;23.2;28.4;18.6;62;210
501;Paris;1958;9;17.7;23.9;12.1;66;170
502;Paris;1958;10;13.2;18.6;9.0;61;114
503;Paris;1958;11;7.8;13.4;3.0;42;75
504;Paris;1958;12;5.7;11.9;0.7;51;42
505;Nantes;1958;1;6.1;12.0;1.4;101;76
506;Nantes;1958;2;7.5;13.0;3.3;77;90
507;Nantes;1958;3;9.0;15.1;4.4;66;119
508;Nantes;1958;4;12.6;18.7;7.5;45;168
509;Nantes;1958;5;14.2;18.8;9.2;71;237
510;Nantes;1958;6;19.0;24.5;14.7;53;178
511;Nantes;1958;7;20.1;25.1;14.7;51;256
512;Nantes;1958;8;20.6;25.6;14.9;43;253
513;Nantes;1958;9;16.6;22.7;11.9;49;151
514;Nantes;1958;10;13.6;19.4;9.5;107;115
515;Nantes;1958;11;9.2;15.0;4.4;96;66
516;Nantes;1958;12;7.4;13.9;2.0;80;66
517;Bordeaux;1958;1;6.3;12.1;0.8;87;74
518;Bordeaux;1958;2;7.6;13.1;3.6;55;87
519;Bordeaux;1958;3;10.0;15.1;4.2;71;176
520;Bordeaux;1958;4;14.3;18.9;8.7;51;174
521;Bordeaux;1958;5;16.9;22.4;11.9;56;240
522;Bordeaux;1958;6;19.8;25.4;14.7;66;249
523;Bordeaux;1958;7;23.0;29.4;17.2;48;256
524;Bordeaux;1958;8;21.8;27.0;16.8;67;203
525;Bordeaux;1958;9;17.9;24.0;13.2;56;157
526;Bordeaux;1958;10;14.4;19.7;8.6;99;145
527;Bordeaux;1958;11;9.2;15.2;4.3;68;99
528;Bordeaux;1958;12;6.7;12.6;2.4;83;65
529;Marseille;1958;1;7.3;12.2;1.5;55;172
530;Marseille;1958;2;10.3;15.2;5.2;41;159
531;Marseille;1958;3;12.5;18.3;6.7;31;182
532;Marseille;1958;4;16.1;21.9;10.3;30;232
533;Marseille;1958;5;18.5;24.4;13.6;21;326
534;Marseille;1958;6;23.8;29.3;19.5;18;288
535;Marseille;1958;7;26.1;31.9;21.2;5;409
536;Marseille;1958;8;25.4;30.1;19.8;19;338
537;Marseille;1958;9;22.5;27.0;17.7;57;203
538;Marseille;1958;10;17.7;23.6;12.7;66;183
539;Marseille;1958;11;13.3;18.4;8.6;53;123
540;Marseille;1958;12;9.5;14.2;3.8;72;137
541;Lille;1959;1;4.9;10.0;0.7;66;43
542;Lille;1959;2;4.7;10.0;0.7;51;80
543;Lille;1959;3;7.5;13.6;2.4;44;118
544;Lille;1959;4;10.8;17.0;5.4;50;160
545;Lille;1959;5;12.4;18.3;6.5;40;200
546;Lille;1959;6;16.8;22.7;12.8;63;174
547;Lille;1959;7;20.3;26.2;15.5;72;217
548;Lille;1959;8;20.1;26.1;15.5;53;179
549;Lille;1959;9;15.0;19.5;10.8;54;125
550;Lille;1959;10;10.7;15.7;6.2;48;90
551;Lille;1959;11;5.9;11.6;1.8;57;43
552;Lille;1959;12;5.0;9.5;-0.4;63;46
553;Paris;1959;1;4.5;10.3;0.5;65;67
554;Paris;1959;2;6.5;11.3;1.8;36;74
555;Paris;1959;3;9.7;15.4;4.1;47;108
556;Paris;1959;4;12.2;17.8;7.7;53;159
557;Paris;1959;5;16.5;23.0;11.4;72;204
558;Paris;1959;6;18.1;23.4;13.1;52;205
559;Paris;1959;7;21.2;26.0;16.7;79;192
560;Paris;1959;8;21.5;27.3;17.0;59;175
561;Paris;1959;9;18.1;24.3;13.9;49;173
562;Paris;1959;10;12.0;17.1;7.4;47;116
563;Paris;1959;11;9.1;14.2;4.9;66;61
564;Paris;1959;12;5.4;10.7;0.8;51;52
565;Nantes;1959;1;5.8;11.2;-0.2;77;68
566;Nantes;1959;2;6.2;11.5;0.8;75;103
567;Nantes;1959;3;8.9;14.6;4.8;78;166
568;Nantes;1959;4;12.6;18.8;7.7;65;180
569;Nantes;1959;5;15.0;20.4;10.4;44;193
570;Nantes;1959;6;16.8;22.2;11.9;43;249
571;Nantes;1959;7;20.2;25.5;15.5;41;201
572;Nantes;1959;8;22.6;28.9;17.8;43;219
573;Nantes;1959;9;18.2;23.0;12.9;45;192
574;Nantes;1959;10;14.4;19.4;10.2;65;120
575;Nantes;1959;11;9.2;14.1;4.9;101;77
576;Nantes;1959;12;6.8;12.0;2.3;72;59
577;Bordeaux;1959;1;7.6;13.4;3.2;61;72
578;Bordeaux;1959;2;8.2;13.0;3.6;70;91
579;Bordeaux;1959;3;9.5;15.6;4.4;63;170
580;Bordeaux;1959;4;12.6;17.6;7.4;87;148
581;Bordeaux;1959;5;17.8;22.5;12.8;89;234
582;Bordeaux;1959;6;20.0;25.2;15.0;57;197
583;Bordeaux;1959;7;23.2;28.0;17.5;57;294
584;Bordeaux;1959;8;21.6;26.6;16.8;51;278
585;Bordeaux;1959;9;19.3;24.9;14.0;67;184
586;Bordeaux;1959;10;14.4;20.7;8.9;107;149
587;Bordeaux;1959;11;9.6;16.1;4.6;67;80
588;Bordeaux;1959;12;7.0;13.2;1.2;92;57
589;Marseille;1959;1;9.3;15.1;3.7;54;166
590;Marseille;1959;2;10.9;16.8;5.5;34;156
591;Marseille;1959;3;11.7;17.8;7.4;46;179
592;Marseille;1959;4;15.4;20.5;10.5;31;247
593;Marseille;1959;5;19.2;24.9;13.5;31;279
594;Marseille;1959;6;23.7;29.2;18.1;15;271
595;Marseille;1959;7;26.7;32.3;22.4;5;338
596;Marseille;1959;8;26.4;32.8;22.1;18;367
597;Marseille;1959;9;21.0;27.5;15.7;40;239
598;Marseille;1959;10;17.7;23.5;13.1;56;190
599;Marseille;1959;11;11.0;16.7;5.9;72;110
600;Marseille;1959;12;8.9;15.3;4.8;50;116
601;Lille;1960;1;3.5;9.8;-0.8;60;45
602;Lille;1960;2;5.3;11.5;0.5;34;68
603;Lille;1960;3;8.1;14.0;2.2;38;92
604;Lille;1960;4;11.2;17.5;6.8;46;160
605;Lille;1960;5;14.0;19.4;9.0;62;190
606;Lille;1960;6;16.9;21.7;11.5;54;150
607;Lille;1960;7;19.2;24.2;14.2;62;201
608;Lille;1960;8;19.1;24.7;14.4;51;208
609;Lille;1960;9;16.1;22.3;11.0;50;142
610;Lille;1960;10;12.2;17.8;6.5;69;73
611;Lille;1960;11;7.7;13.1;1.8;58;41
612;Lille;1960;12;4.9;9.5;-0.3;48;43
613;Paris;1960;1;6.3;11.2;0.5;50;72
614;Paris;1960;2;5.4;10.9;0.4;52;82
615;Paris;1960;3;9.8;15.1;4.4;47;120
616;Paris;1960;4;12.6;18.8;6.7;56;188
617;Paris;1960;5;16.9;21.8;12.3;51;176
618;Paris;1960;6;19.7;26.1;14.8;56;240
619;Paris;1960;7;20.7;26.8;16.3;68;216
620;Paris;1960;8;21.7;26.8;17.3;64;219
621;Paris;1960;9;18.1;22.9;13.1;69;189
622;Paris;1960;10;12.3;17.9;6.7;73;118
623;Paris;1960;11;8.1;13.0;4.1;38;51
624;Paris;1960;12;5.6;11.2;0.7;44;52
625;Nantes;1960;1;5.9;10.7;0.2;80;79
626;Nantes;1960;2;8.0;14.1;3.0;62;93
627;Nantes;1960;3;9.4;14.9;4.5;60;168
628;Nantes;1960;4;11.4;17.1;7.1;43;203
629;Nantes;1960;5;15.4;20.7;10.7;45;205
630;Nantes;1960;6;18.4;23.6;12.6;57;208
631;Nantes;1960;7;21.8;27.9;17.5;51;213
632;Nantes;1960;8;20.2;25.6;14.3;53;186
633;Nantes;1960;9;17.9;24.3;12.9;72;172
634;Nantes;1960;10;13.0;17.8;7.8;87;116
635;Nantes;1960;11;9.1;14.8;4.3;93;71
636;Nantes;1960;12;8.2;13.9;2.8;102;59
637;Bordeaux;1960;1;6.3;12.6;1.1;85;73
638;Bordeaux;1960;2;8.1;13.7;3.4;49;96
639;Bordeaux;1960;3;9.9;15.8;4.6;84;177
640;Bordeaux;1960;4;12.5;18.4;7.8;87;149
641;Bordeaux;1960;5;16.9;22.7;12.8;65;219
642;Bordeaux;1960;6;20.1;26.1;14.3;65;199
643;Bordeaux;1960;7;23.3;28.2;18.6;41;222
644;Bordeaux;1960;8;22.1;27.8;17.3;48;200
645;Bordeaux;1960;9;17.9;23.7;13.8;78;169
646;Bordeaux;1960;10;14.9;19.7;10.8;74;146
647;Bordeaux;1960;11;8.9;14.1;3.7;101;93
648;Bordeaux;1960;12;7.6;12.3;2.3;78;58
649;Marseille;1960;1;9.0;14.4;4.9;51;126
650;Marseille;1960;2;9.8;14.4;5.7;43;187
651;Marseille;1960;3;11.2;16.8;6.1;33;231
652;Marseille;1960;4;13.9;20.4;9.9;34;215
653;Marseille;1960;5;18.7;24.8;13.9;29;329
654;Marseille;1960;6;25.3;30.1;20.8;13;309
655;Marseille;1960;7;25.8;31.3;21.6;7;379
656;Marseille;1960;8;26.6;32.5;22.5;18;399
657;Marseille;1960;9;23.3;29.0;17.6;46;233
658;Marseille;1960;10;18.0;23.7;12.7;64;178
659;Marseille;1960;11;11.4;16.1;7.3;64;142
660;Marseille;1960;12;9.7;15.4;5.3;65;132
661;Lille;1961;1;5.1;11.1;0.3;43;43
662;Lille;1961;2;4.7;9.3;0.4;41;55
663;Lille;1961;3;8.0;14.4;2.8;34;104
664;Lille;1961;4;10.6;16.4;4.9;55;136
665;Lille;1961;5;15.4;20.0;9.5;64;176
666;Lille;1961;6;16.9;22.8;12.2;42;164
667;Lille;1961;7;19.9;25.6;15.7;82;164
668;Lille;1961;8;19.3;24.0;14.6;44;194
669;Lille;1961;9;15.5;21.8;9.8;68;160
670;Lille;1961;10;10.3;15.0;4.8;50;104
671;Lille;1961;11;6.4;12.4;1.3;52;57
672;Lille;1961;12;3.9;8.7;-1.7;61;35
673;Paris;1961;1;5.6;10.5;1.1;40;72
674;Paris;1961;2;5.9;10.5;1.8;55;79
675;Paris;1961;3;9.6;14.3;5.1;62;125
676;Paris;1961;4;12.0;17.9;8.0;38;172
677;Paris;1961;5;16.5;23.0;10.8;44;163
678;Paris;1961;6;19.5;25.4;13.8;48;188
679;Paris;1961;7;21.7;27.1;16.2;60;203
680;Paris;1961;8;23.0;29.0;18.0;60;246
681;Paris;1961;9;16.9;22.8;11.3;55;155
682;Paris;1961;10;12.4;17.4;6.6;52;91
683;Paris;1961;11;8.1;13.1;3.9;62;68
684;Paris;1961;12;6.3;12.0;0.3;63;50
685;Nantes;1961;1;5.8;12.2;1.6;106;64
686;Nantes;1961;2;7.7;13.8;3.2;73;80
687;Nantes;1961;3;8.7;14.3;4.0;64;118
688;Nantes;1961;4;12.3;16.9;7.7;47;200
689;Nantes;1961;5;14.3;19.3;8.9;43;185
690;Nantes;1961;6;19.8;24.8;15.7;56;232
691;Nantes;1961;7;22.5;28.4;17.9;47;224
692;Nantes;1961;8;20.7;26.3;14.9;43;178
693;Nantes;1961;9;16.9;22.3;11.9;47;181
694;Nantes;1961;10;14.2;18.8;10.0;100;131
695;Nantes;1961;11;9.7;15.4;4.9;80;74
696;Nantes;1961;12;8.1;12.7;3.3;73;69
697;Bordeaux;1961;1;7.7;12.2;3.5;70;79
698;Bordeaux;1961;2;8.4;14.0;4.0;60;98
699;Bordeaux;1961;3;12.0;17.7;6.5;49;139
700;Bordeaux;1961;4;13.2;19.3;8.3;60;201
701;Bordeaux;1961;5;16.8;21.8;11.5;60;238
702;Bordeaux;1961;6;20.8;25.9;16.0;68;258
703;Bordeaux;1961;7;22.0;27.4;17.7;42;302
704;Bordeaux;1961;8;23.0;29.4;17.9;65;271
705;Bordeaux;1961;9;20.5;26.8;15.7;68;155
706;Bordeaux;1961;10;15.4;21.7;10.7;82;116
707;Bordeaux;1961;11;9.2;15.0;4.5;82;87
708;Bordeaux;1961;12;6.7;11.4;2.3;106;68
709;Marseille;1961;1;9.8;15.5;4.9;41;134
710;Marseille;1961;2;10.0;16.0;5.4;48;183
711;Marseille;1961;3;12.9;18.7;7.2;38;186
712;Marseille;1961;4;14.2;20.2;9.7;30;226
713;Marseille;1961;5;18.0;23.1;13.4;21;318
714;Marseille;1961;6;22.3;27.7;17.6;14;286
715;Marseille;1961;7;26.3;31.5;21.1;5;420
716;Marseille;1961;8;25.5;30.9;21.1;16;311
717;Marseille;1961;9;22.2;27.0;16.7;44;284
718;Marseille;1961;10;16.5;22.1;12.1;84;171
719;Marseille;1961;11;11.5;17.3;5.8;49;153
720;Marseille;1961;12;8.1;13.5;2.2;50;115
721;Lille;1962;1;3.1;8.1;-2.1;38;57
722;Lille;1962;2;3.2;8.0;-1.6;46;58
723;Lille;1962;3;7.3;12.0;1.4;33;106
724;Lille;1962;4;11.1;15.8;6.9;34;162
725;Lille;1962;5;14.7;20.3;10.1;49;206
726;Lille;1962;6;17.5;23.2;12.8;51;205
727;Lille;1962;7;18.2;24.1;13.7;79;175
728;Lille;1962;8;18.8;24.6;12.9;68;182
729;Lille;1962;9;16.0;21.4;11.2;67;146
730;Lille;1962;10;12.2;16.9;7.0;79;92
731;Lille;1962;11;6.0;12.4;0.8;66;57
732;Lille;1962;12;4.0;8.5;-1.8;71;44
733;Paris;1962;1;5.7;10.7;1.6;61;58
734;Paris;1962;2;6.8;12.9;1.1;49;85
735;Paris;1962;3;9.7;15.2;4.5;62;127
736;Paris;1962;4;12.3;18.5;6.9;44;182
737;Paris;1962;5;16.4;21.7;11.3;62;222
738;Paris;1962;6;18.4;24.6;14.2;68;234
739;Paris;1962;7;21.6;27.1;17.1;52;230
740;Paris;1962;8;19.7;25.7;15.5;67;203
741;Paris;1962;9;18.0;22.9;13.5;45;171
742;Paris;1962;10;12.9;18.4;7.8;73;118
743;Paris;1962;11;7.0;12.8;1.5;62;71
744;Paris;1962;12;5.1;9.8;0.5;49;40
745;Nantes;1962;1;6.6;11.1;1.0;72;86
746;Nantes;1962;2;6.5;12.9;1.8;52;84
747;Nantes;1962;3;9.7;15.3;4.4;61;143
748;Nantes;1962;4;12.5;18.5;8.1;40;195
749;Nantes;1962;5;15.4;20.6;11.1;57;178
750;Nantes;1962;6;18.5;24.3;13.4;58;199
751;Nantes;1962;7;20.8;26.3;15.0;31;200
752;Nantes;1962;8;21.1;26.8;17.0;42;229
753;Nantes;1962;9;17.4;22.7;11.7;72;170
754;Nantes;1962;10;14.2;19.7;9.5;84;121
755;Nantes;1962;11;9.5;14.2;4.8;88;61
756;Nantes;1962;12;7.9;12.4;2.0;73;77
757;Bordeaux;1962;1;7.4;12.7;1.5;73;92
758;Bordeaux;1962;2;8.1;13.1;4.0;77;90
759;Bordeaux;1962;3;12.0;16.7;7.2;73;129
760;Bordeaux;1962;4;13.2;19.2;8.3;56;192
761;Bordeaux;1962;5;16.3;21.3;11.3;79;173
762;Bordeaux;1962;6;21.7;27.3;17.1;45;274
763;Bordeaux;1962;7;24.2;29.5;19.5;51;315
764;Bordeaux;1962;8;22.0;28.1;16.7;67;267
765;Bordeaux;1962;9;18.4;24.7;14.1;89;214
766;Bordeaux;1962;10;15.2;20.5;9.5;93;121
767;Bordeaux;1962;11;9.7;14.6;4.2;72;69
768;Bordeaux;1962;12;6.6;12.7;1.5;88;80
769;Marseille;1962;1;9.4;15.4;4.6;58;178
770;Marseille;1962;2;9.6;15.0;4.9;42;163
771;Marseille;1962;3;12.8;17.9;7.1;31;167
772;Marseille;1962;4;15.1;20.4;9.5;31;256
773;Marseille;1962;5;18.3;24.7;13.9;36;288
774;Marseille;1962;6;22.6;27.6;16.9;17;289
775;Marseille;1962;7;26.2;31.2;21.3;5;321
776;Marseille;1962;8;26.6;31.2;20.7;18;296
777;Marseille;1962;9;21.5;26.1;15.9;59;269
778;Marseille;1962;10;17.6;22.3;13.1;53;191
779;Marseille;1962;11;13.5;19.0;7.7;56;108
780;Marseille;1962;12;9.8;14.7;4.8;58;114
781;Lille;1963;1;2.4;6.9;-1.9;66;53
782;Lille;1963;2;4.6;9.9;-0.3;39;70
783;Lille;1963;3;8.5;13.9;4.5;56;107
784;Lille;1963;4;10.7;16.6;5.3;31;162
785;Lille;1963;5;14.3;19.6;9.2;38;203
786;Lille;1963;6;17.9;23.3;13.8;65;212
787;Lille;1963;7;20.1;26.1;14.2;75;198
788;Lille;1963;8;19.6;24.1;14.1;46;180
789;Lille;1963;9;15.5;21.1;11.1;69;149
790;Lille;1963;10;12.7;17.2;7.0;64;103
791;Lille;1963;11;6.3;11.8;2.2;61;50
792;Lille;1963;12;3.9;8.9;-0.6;64;42
793;Paris;1963;1;5.6;11.9;1.1;65;73
794;Paris;1963;2;6.1;11.1;1.0;39;78
795;Paris;1963;3;8.8;14.3;4.2;45;102
796;Paris;1963;4;11.9;16.5;7.5;62;169
797;Paris;1963;5;16.3;21.8;10.4;66;169
798;Paris;1963;6;19.3;25.3;15.1;65;168
799;Paris;1963;7;21.3;26.5;15.4;58;232
800;Paris;1963;8;21.6;26.3;17.6;65;196
801;Paris;1963;9;17.4;23.9;12.7;69;132
802;Paris;1963;10;12.8;18.9;8.3;61;102
803;Paris;1963;11;7.7;13.9;2.4;64;59
804;Paris;1963;12;4.6;9.7;-0.5;72;53
805;Nantes;1963;1;7.5;13.0;1.7;80;87
806;Nantes;1963;2;6.7;11.8;1.0;57;89
807;Nantes;1963;3;9.3;15.6;3.5;73;152
808;Nantes;1963;4;12.5;17.1;8.5;51;153
809;Nantes;1963;5;16.1;20.8;12.1;69;194
810;Nantes;1963;6;19.9;25.1;15.0;34;239
811;Nantes;1963;7;20.3;26.3;15.0;49;228
812;Nantes;1963;8;21.8;26.8;16.0;36;209
813;Nantes;1963;9;17.0;22.5;11.4;57;162
814;Nantes;1963;10;12.7;18.7;8.7;73;130
815;Nantes;1963;11;8.9;14.9;4.0;107;70
816;Nantes;1963;12;6.4;11.3;0.5;106;71
817;Bordeaux;1963;1;7.3;12.4;2.9;82;88
818;Bordeaux;1963;2;7.1;13.1;1.4;76;100
819;Bordeaux;1963;3;11.3;17.0;7.1;50;119
820;Bordeaux;1963;4;13.6;19.5;8.4;85;176
821;Bordeaux;1963;5;16.9;21.6;11.2;67;209
822;Bordeaux;1963;6;19.9;25.2;14.9;45;201
823;Bordeaux;1963;7;23.5;29.4;18.7;39;263
824;Bordeaux;1963;8;22.3;27.1;17.2;69;209
825;Bordeaux;1963;9;19.0;25.2;14.5;69;211
826;Bordeaux;1963;10;14.0;19.5;9.6;109;125
827;Bordeaux;1963;11;10.1;15.0;5.9;103;84
828;Bordeaux;1963;12;8.2;13.3;2.8;111;65
829;Marseille;1963;1;7.9;13.0;3.4;59;132
830;Marseille;1963;2;10.7;15.7;6.5;36;127
831;Marseille;1963;3;12.8;17.8;7.1;30;180
832;Marseille;1963;4;15.2;19.7;9.6;41;204
833;Marseille;1963;5;18.4;23.3;13.5;35;277
834;Marseille;1963;6;23.4;29.6;18.8;22;352
835;Marseille;1963;7;26.6;31.8;21.5;4;333
836;Marseille;1963;8;26.4;32.8;21.5;16;319
837;Marseille;1963;9;22.2;28.3;16.9;44;220
838;Marseille;1963;10;16.8;22.8;12.0;61;152
839;Marseille;1963;11;12.0;17.1;6.2;55;141
840;Marseille;1963;12;9.3;15.4;5.1;61;109
841;Lille;1964;1;2.6;7.6;-2.7;40;55
842;Lille;1964;2;4.2;8.8;-0.1;50;71
843;Lille;1964;3;7.7;13.0;1.9;33;111
844;Lille;1964;4;9.8;14.7;4.8;46;150
845;Lille;1964;5;14.4;19.1;9.7;59;164
846;Lille;1964;6;18.0;24.1;12.4;68;162
847;Lille;1964;7;19.9;25.9;14.2;50;171
848;Lille;1964;8;20.2;26.5;15.7;63;155
849;Lille;1964;9;16.4;21.6;10.7;67;123
850;Lille;1964;10;11.6;17.8;6.1;52;103
851;Lille;1964;11;7.1;12.8;2.0;45;58
852;Lille;1964;12;4.7;9.7;-0.7;59;43
853;Paris;1964;1;6.3;12.0;0.9;38;52
854;Paris;1964;2;4.8;10.4;0.4;38;90
855;Paris;1964;3;8.7;14.2;4.2;49;103
856;Paris;1964;4;11.3;17.7;7.2;63;168
857;Paris;1964;5;16.3;22.8;12.0;68;186
858;Paris;1964;6;19.3;25.7;14.1;47;218
859;Paris;1964;7;19.9;25.1;13.9;74;210
860;Paris;1964;8;20.7;26.1;15.7;44;227
861;Paris;1964;9;17.1;23.1;11.4;63;138
862;Paris;1964;10;13.6;18.7;7.7;49;98
863;Paris;1964;11;7.7;13.6;2.4;39;70
864;Paris;1964;12;5.2;10.2;0.9;66;53
865;Nantes;1964;1;5.4;10.2;-0.3;96;81
866;Nantes;1964;2;7.2;13.4;1.4;76;106
867;Nantes;1964;3;10.4;16.1;4.8;49;149
868;Nantes;1964;4;12.4;17.2;8.3;47;205
869;Nantes;1964;5;15.3;20.1;10.4;69;186
870;Nantes;1964;6;19.3;24.4;14.7;37;222
871;Nantes;1964;7;19.9;24.6;14.3;40;209
872;Nantes;1964;8;22.0;26.9;16.9;35;261
873;Nantes;1964;9;17.0;23.3;12.5;59;185
874;Nantes;1964;10;12.9;18.9;7.9;78;104
875;Nantes;1964;11;8.3;14.4;2.6;91;83
876;Nantes;1964;12;5.4;11.3;0.2;87;53
877;Bordeaux;1964;1;7.8;12.8;3.6;86;80
878;Bordeaux;1964;2;6.8;12.8;1.6;81;98
879;Bordeaux;1964;3;10.1;15.4;5.6;65;168
880;Bordeaux;1964;4;12.3;16.8;8.1;86;192
881;Bordeaux;1964;5;16.9;21.7;12.1;79;167
882;Bordeaux;1964;6;20.7;25.2;14.8;64;268
883;Bordeaux;1964;7;20.9;26.1;15.9;40;310
884;Bordeaux;1964;8;22.8;28.1;18.3;56;248
885;Bordeaux;1964;9;19.2;24.0;13.8;56;221
886;Bordeaux;1964;10;15.3;21.7;9.5;74;126
887;Bordeaux;1964;11;9.6;15.0;5.4;64;67
888;Bordeaux;1964;12;8.2;14.4;2.4;64;56
889;Marseille;1964;1;8.7;13.6;3.4;43;161
890;Marseille;1964;2;10.5;15.0;4.8;31;186
891;Marseille;1964;3;13.5;19.2;9.3;44;184
892;Marseille;1964;4;15.9;20.5;10.2;31;204
893;Marseille;1964;5;18.3;24.8;13.0;35;242
894;Marseille;1964;6;23.3;29.2;18.2;18;271
895;Marseille;1964;7;25.9;30.9;19.9;5;437
896;Marseille;1964;8;25.6;30.9;19.7;12;321
897;Marseille;1964;9;22.8;28.0;17.8;60;246
898;Marseille;1964;10;17.9;23.7;13.3;58;177
899;Marseille;1964;11;12.8;17.6;7.4;69;110
900;Marseille;1964;12;10.5;16.1;6.0;43;148
901;Lille;1965;1;2.5;8.8;-1.8;43;55
902;Lille;1965;2;3.9;8.4;-1.6;38;63
903;Lille;1965;3;6.7;11.8;1.9;32;96
904;Lille;1965;4;11.1;17.5;6.4;43;148
905;Lille;1965;5;15.5;21.9;10.0;64;154
906;Lille;1965;6;18.4;23.4;13.1;45;165
907;Lille;1965;7;19.7;24.4;15.6;53;155
908;Lille;1965;8;19.0;24.8;14.1;73;142
909;Lille;1965;9;15.4;21.0;11.0;63;122
910;Lille;1965;10;9.8;14.8;5.7;63;96
911;Lille;1965;11;6.6;11.8;2.6;42;44
912;Lille;1965;12;2.5;7.2;-2.5;64;39
913;Paris;1965;1;6.0;12.5;1.7;67;62
914;Paris;1965;2;5.5;11.4;-0.4;40;71
915;Paris;1965;3;8.3;14.0;2.3;58;117
916;Paris;1965;4;10.4;15.9;5.6;63;145
917;Paris;1965;5;15.6;20.1;11.1;66;169
918;Paris;1965;6;19.8;24.6;14.1;49;187
919;Paris;1965;7;21.7;26.4;16.6;72;198
920;Paris;1965;8;21.1;27.6;16.4;54;177
921;Paris;1965;9;17.3;22.2;11.3;40;149
922;Paris;1965;10;13.2;19.2;8.8;77;127
923;Paris;1965;11;9.9;14.7;5.6;51;53
924;Paris;1965;12;5.3;11.7;-0.3;72;41
925;Nantes;1965;1;5.9;10.9;1.2;95;68
926;Nantes;1965;2;7.1;13.5;2.6;83;95
927;Nantes;1965;3;9.7;14.8;5.1;43;139
928;Nantes;1965;4;12.0;18.5;6.3;46;174
929;Nantes;1965;5;16.6;22.6;11.8;48;185
930;Nantes;1965;6;18.7;24.9;13.2;47;206
931;Nantes;1965;7;20.6;25.1;16.1;33;205
932;Nantes;1965;8;21.3;27.7;17.0;40;192
933;Nantes;1965;9;18.2;24.6;12.2;76;148
934;Nantes;1965;10;13.5;19.3;8.9;64;94
935;Nantes;1965;11;8.9;14.9;3.4;89;86
936;Nantes;1965;12;6.8;11.8;2.3;75;74
937;Bordeaux;1965;1;8.4;14.4;4.1;76;78
938;Bordeaux;1965;2;6.4;11.2;2.2;88;94
939;Bordeaux;1965;3;10.8;16.9;6.3;60;129
940;Bordeaux;1965;4;13.0;17.9;8.1;57;154
941;Bordeaux;1965;5;16.9;23.2;12.0;90;224
942;Bordeaux;1965;6;20.5;26.6;15.9;58;199
943;Bordeaux;1965;7;23.1;29.2;18.6;49;270
944;Bordeaux;1965;8;23.0;29.4;18.2;69;225
945;Bordeaux;1965;9;18.8;24.8;13.3;57;221
946;Bordeaux;1965;10;14.3;19.4;9.9;81;143
947;Bordeaux;1965;11;9.0;14.8;4.5;62;72
948;Bordeaux;1965;12;8.0;14.2;2.9;89;80
949;Marseille;1965;1;9.6;14.3;4.5;49;136
950;Marseille;1965;2;9.1;14.0;3.1;27;175
951;Marseille;1965;3;13.2;19.4;8.0;32;214
952;Marseille;1965;4;15.3;19.9;11.1;33;239
953;Marseille;1965;5;20.0;24.5;15.2;25;307
954;Marseille;1965;6;23.8;28.4;17.8;18;269
955;Marseille;1965;7;26.5;32.1;21.5;6;315
956;Marseille;1965;8;26.1;32.3;20.3;19;345
957;Marseille;1965;9;22.8;28.3;18.3;50;289
958;Marseille;1965;10;16.5;21.6;11.1;81;153
959;Marseille;1965;11;12.7;18.2;7.9;75;154
960;Marseille;1965;12;9.7;14.6;4.5;62;121
961;Lille;1966;1;3.7;9.8;-0.5;39;45
962;Lille;1966;2;4.2;8.8;-0.8;49;55
963;Lille;1966;3;6.5;12.0;1.3;54;122
964;Lille;1966;4;11.0;15.6;6.5;55;150
965;Lille;1966;5;15.2;20.8;9.7;69;170
966;Lille;1966;6;17.5;23.7;12.4;59;192
967;Lille;1966;7;19.3;23.9;15.2;69;170
968;Lille;1966;8;18.5;23.7;14.2;52;198
969;Lille;1966;9;16.8;22.0;11.2;65;125
970;Lille;1966;10;11.5;16.8;5.7;47;92
971;Lille;1966;11;6.5;12.1;1.6;73;56
972;Lille;1966;12;4.4;9.9;-1.0;44;33
973;Paris;1966;1;6.7;12.8;1.8;39;66
974;Paris;1966;2;5.6;11.6;0.4;38;88
975;Paris;1966;3;8.6;13.7;3.8;58;106
976;Paris;1966;4;12.5;17.3;6.9;63;190
977;Paris;1966;5;15.4;21.0;10.3;53;226
978;Paris;1966;6;18.8;23.4;13.5;56;226
979;Paris;1966;7;20.8;26.5;15.8;55;227
980;Paris;1966;8;22.2;28.6;17.0;65;168
981;Paris;1966;9;17.0;21.8;12.1;64;193
982;Paris;1966;10;13.8;19.6;8.8;51;111
983;Paris;1966;11;9.4;14.2;5.0;44;69
984;Paris;1966;12;5.6;11.2;1.5;73;54
985;Nantes;1966;1;6.8;11.9;2.6;79;65
986;Nantes;1966;2;6.5;12.9;2.0;54;78
987;Nantes;1966;3;9.8;16.0;4.3;73;162
988;Nantes;1966;4;11.7;17.4;6.9;63;183
989;Nantes;1966;5;15.5;20.3;10.6;55;231
990;Nantes;1966;6;19.8;25.2;15.5;47;226
991;Nantes;1966;7;21.6;27.5;17.6;46;237
992;Nantes;1966;8;22.1;26.6;16.2;45;185
993;Nantes;1966;9;17.2;23.5;12.3;73;186
994;Nantes;1966;10;15.6;21.7;10.5;60;122
995;Nantes;1966;11;9.3;14.0;3.6;88;65
996;Nantes;1966;12;6.0;11.1;1.2;80;62
997;Bordeaux;1966;1;6.0;11.7;0.4;93;96
998;Bordeaux;1966;2;8.7;14.9;3.3;59;85
999;Bordeaux;1966;3;12.7;18.6;8.6;61;134
1000;Bordeaux;1966;4;14.3;20.0;9.9;81;194
1001;Bordeaux;1966;5;18.2;24.0;12.8;91;238
1002;Bordeaux;1966;6;19.7;24.9;15.1;49;253
1003;Bordeaux;1966;7;21.5;26.4;17.4;34;214
1004;Bordeaux;1966;8;22.3;28.4;17.5;38;268
1005;Bordeaux;1966;9;19.2;24.5;14.0;92;158
1006;Bordeaux;1966;10;14.8;20.5;9.7;110;146
1007;Bordeaux;1966;11;10.5;16.8;4.8;103;71
1008;Bordeaux;1966;12;7.7;12.2;2.5;104;61
1009;Marseille;1966;1;8.6;13.9;3.1;43;175
1010;Marseille;1966;2;9.9;14.8;4.2;41;163
1011;Marseille;1966;3;12.5;18.4;6.7;28;215
1012;Marseille;1966;4;15.4;21.7;10.7;44;243
1013;Marseille;1966;5;18.8;25.2;13.5;32;281
1014;Marseille;1966;6;24.1;30.3;20.0;20;266
1015;Marseille;1966;7;26.0;32.1;21.0;7;299
1016;Marseille;1966;8;26.1;31.6;20.6;14;354
1017;Marseille;1966;9;22.6;27.4;16.7;36;216
1018;Marseille;1966;10;17.7;23.8;12.8;92;208
1019;Marseille;1966;11;12.0;16.8;7.1;58;139
1020;Marseille;1966;12;8.9;14.9;3.8;66;106
1021;Lille;1967;1;4.6;9.7;0.4;42;49
1022;Lille;1967;2;3.3;8.5;-0.8;37;79
1023;Lille;1967;3;7.5;13.8;3.0;56;105
1024;Lille;1967;4;11.3;17.1;6.4;48;132
1025;Lille;1967;5;13.8;18.9;8.3;59;204
1026;Lille;1967;6;19.0;24.8;14.3;47;221
1027;Lille;1967;7;20.5;27.0;14.8;77;175
1028;Lille;1967;8;19.6;25.9;15.4;43;185
1029;Lille;1967;9;16.8;22.5;11.9;50;149
1030;Lille;1967;10;12.0;18.1;7.9;61;101
1031;Lille;1967;11;6.5;12.4;2.4;61;46
1032;Lille;1967;12;4.6;10.2;-0.7;61;41
1033;Paris;1967;1;4.6;9.4;-0.7;57;52
1034;Paris;1967;2;6.2;10.7;0.3;49;85
1035;Paris;1967;3;8.2;14.5;3.2;49;144
1036;Paris;1967;4;12.5;18.3;7.3;47;140
1037;Paris;1967;5;16.7;23.0;11.1;55;235
1038;Paris;1967;6;17.5;22.5;11.8;69;169
1039;Paris;1967;7;20.9;26.5;15.6;56;221
1040;Paris;1967;8;21.7;28.1;16.2;63;239
1041;Paris;1967;9;18.7;25.2;14.6;61;181
1042;Paris;1967;10;12.4;17.0;6.6;44;124
1043;Paris;1967;11;9.9;15.2;5.4;39;56
1044;Paris;1967;12;4.7;11.0;0.3;55;50
1045;Nantes;1967;1;5.1;11.3;-0.0;96;90
1046;Nantes;1967;2;6.9;12.5;2.4;60;89
1047;Nantes;1967;3;8.2;14.6;3.3;72;116
1048;Nantes;1967;4;12.6;17.2;6.9;59;204
1049;Nantes;1967;5;13.9;18.6;9.0;71;200
1050;Nantes;1967;6;17.8;23.1;12.7;55;210
1051;Nantes;1967;7;21.3;27.6;17.0;35;264
1052;Nantes;1967;8;21.4;27.1;15.9;41;214
1053;Nantes;1967;9;17.2;21.8;11.4;45;177
1054;Nantes;1967;10;13.5;18.9;7.6;96;105
1055;Nantes;1967;11;10.4;16.9;5.5;86;66
1056;Nantes;1967;12;8.0;12.9;2.2;105;73
1057;Bordeaux;1967;1;8.7;14.9;4.1;73;81
1058;Bordeaux;1967;2;8.7;13.9;2.7;66;100
1059;Bordeaux;1967;3;11.9;17.4;6.1;68;122
1060;Bordeaux;1967;4;13.6;18.5;9.2;67;183
1061;Bordeaux;1967;5;16.4;21.7;11.5;77;187
1062;Bordeaux;1967;6;20.5;26.5;15.0;69;193
1063;Bordeaux;1967;7;23.0;27.5;17.8;50;293
1064;Bordeaux;1967;8;23.2;29.6;18.4;47;212
1065;Bordeaux;1967;9;19.5;24.4;14.5;69;205
1066;Bordeaux;1967;10;13.8;19.5;8.9;70;114
1067;Bordeaux;1967;11;8.9;15.4;3.7;87;76
1068;Bordeaux;1967;12;7.8;12.6;3.3;106;64
1069;Marseille;1967;1;8.0;13.1;3.3;43;136
1070;Marseille;1967;2;10.0;16.2;4.4;47;132
1071;Marseille;1967;3;13.0;18.0;8.3;48;246
1072;Marseille;1967;4;15.2;21.4;11.1;39;253
1073;Marseille;1967;5;19.0;24.9;14.2;21;307
1074;Marseille;1967;6;23.5;29.0;18.6;16;382
1075;Marseille;1967;7;26.4;31.6;21.9;7;385
1076;Marseille;1967;8;26.8;31.8;20.9;20;340
1077;Marseille;1967;9;23.3;28.9;18.8;55;296
1078;Marseille;1967;10;16.7;21.4;12.0;77;160
1079;Marseille;1967;11;13.6;19.9;8.1;82;115
1080;Marseille;1967;12;9.3;15.5;3.7;69;121
1081;Lille;1968;1;3.9;9.3;-1.6;50;61
1082;Lille;1968;2;2.5;7.8;-2.5;35;59
1083;Lille;1968;3;6.4;11.4;1.8;44;106
1084;Lille;1968;4;10.7;16.9;5.8;56;146
1085;Lille;1968;5;14.5;20.9;8.7;53;197
1086;Lille;1968;6;18.7;24.2;14.1;70;186
1087;Lille;1968;7;19.5;24.5;13.8;82;161
1088;Lille;1968;8;21.2;25.8;16.6;45;206
1089;Lille;1968;9;16.4;22.5;11.3;40;134
1090;Lille;1968;10;11.8;16.5;7.4;78;87
1091;Lille;1968;11;6.1;11.8;0.2;59;58
1092;Lille;1968;12;5.7;10.5;1.6;74;33
1093;Paris;1968;1;5.1;10.9;0.3;54;61
1094;Paris;1968;2;6.4;12.7;2.2;47;73
1095;Paris;1968;3;9.8;15.7;3.9;38;111
1096;Paris;1968;4;11.6;17.3;7.3;41;177
1097;Paris;1968;5;17.6;22.3;13.3;67;174
1098;Paris;1968;6;19.2;25.1;13.6;38;229
1099;Paris;1968;7;20.9;26.5;16.7;49;176
1100;Paris;1968;8;21.8;26.4;16.9;50;247
1101;Paris;1968;9;16.3;21.4;11.2;45;132
1102;Paris;1968;10;12.6;19.0;6.7;76;98
1103;Paris;1968;11;9.9;15.2;4.0;40;52
1104;Paris;1968;12;5.4;11.5;0.2;57;40
1105;Nantes;1968;1;5.9;12.2;0.8;70;85
1106;Nantes;1968;2;6.9;12.9;1.5;68;99
1107;Nantes;1968;3;10.1;14.9;5.4;47;171
1108;Nantes;1968;4;12.0;18.4;6.9;61;145
1109;Nantes;1968;5;16.9;22.7;11.0;46;209
1110;Nantes;1968;6;17.9;24.4;13.0;56;183
1111;Nantes;1968;7;20.6;26.6;14.6;45;198
1112;Nantes;1968;8;19.7;24.4;15.0;31;221
1113;Nantes;1968;9;17.3;22.1;11.5;57;155
1114;Nantes;1968;10;13.4;18.4;8.3;90;120
1115;Nantes;1968;11;9.5;14.4;4.4;76;82
1116;Nantes;1968;12;7.1;11.7;2.1;82;64
1117;Bordeaux;1968;1;7.7;14.0;2.0;91;71
1118;Bordeaux;1968;2;7.9;12.9;2.2;49;97
1119;Bordeaux;1968;3;11.6;17.9;5.8;58;152
1120;Bordeaux;1968;4;14.7;19.4;10.3;51;187
1121;Bordeaux;1968;5;17.4;22.6;11.7;85;209
1122;Bordeaux;1968;6;21.6;27.9;16.9;57;232
1123;Bordeaux;1968;7;22.8;28.1;18.2;41;262
1124;Bordeaux;1968;8;23.3;28.2;18.2;49;212
1125;Bordeaux;1968;9;18.2;24.0;14.2;71;205
1126;Bordeaux;1968;10;14.2;19.1;9.6;82;118
1127;Bordeaux;1968;11;10.3;15.5;4.5;76;95
1128;Bordeaux;1968;12;6.9;13.0;2.1;101;70
1129;Marseille;1968;1;7.9;12.6;2.9;55;156
1130;Marseille;1968;2;8.6;13.6;2.8;32;165
1131;Marseille;1968;3;12.8;18.7;8.8;50;205
1132;Marseille;1968;4;14.2;19.2;9.7;42;246
1133;Marseille;1968;5;18.7;23.3;13.2;28;230
1134;Marseille;1968;6;23.2;28.0;17.3;14;295
1135;Marseille;1968;7;26.5;32.8;22.5;8;426
1136;Marseille;1968;8;26.0;32.1;20.4;13;317
1137;Marseille;1968;9;22.4;28.0;17.1;49;293
1138;Marseille;1968;10;18.1;23.3;12.8;81;176
1139;Marseille;1968;11;12.8;18.2;7.8;55;143
1140;Marseille;1968;12;9.5;14.6;4.4;43;104
1141;Lille;1969;1;4.1;10.1;-0.1;60;45
1142;Lille;1969;2;3.1;8.3;-2.1;46;73
1143;Lille;1969;3;7.9;13.8;2.9;50;95
1144;Lille;1969;4;10.5;15.4;5.9;42;149
1145;Lille;1969;5;14.8;20.8;9.0;53;177
1146;Lille;1969;6;17.8;22.7;13.3;44;219
1147;Lille;1969;7;19.9;24.9;14.6;50;193
1148;Lille;1969;8;20.8;27.3;15.5;67;167
1149;Lille;1969;9;17.5;23.4;12.8;70;121
1150;Lille;1969;10;11.8;16.9;6.9;70;86
1151;Lille;1969;11;6.9;12.4;0.9;73;45
1152;Lille;1969;12;4.0;9.5;-0.5;72;40
1153;Paris;1969;1;6.4;12.7;2.3;65;51
1154;Paris;1969;2;6.1;12.5;0.5;45;90
1155;Paris;1969;3;10.7;15.5;5.8;53;139
1156;Paris;1969;4;12.8;17.4;7.9;49;140
1157;Paris;1969;5;17.2;22.2;12.9;62;167
1158;Paris;1969;6;19.6;25.4;13.9;66;218
1159;Paris;1969;7;22.8;29.2;16.9;46;203
1160;Paris;1969;8;22.0;26.7;16.4;56;192
1161;Paris;1969;9;16.7;22.8;12.1;48;132
1162;Paris;1969;10;14.7;21.0;9.8;50;109
1163;Paris;1969;11;8.6;14.0;3.2;66;68
1164;Paris;1969;12;4.8;9.6;-0.8;43;52
1165;Nantes;1969;1;7.2;13.5;1.4;72;63
1166;Nantes;1969;2;7.0;12.4;3.0;61;104
1167;Nantes;1969;3;8.5;14.7;2.6;78;147
1168;Nantes;1969;4;11.3;17.3;5.5;63;181
1169;Nantes;1969;5;14.9;20.5;9.9;71;193
1170;Nantes;1969;6;18.8;24.8;14.8;41;244
1171;Nantes;1969;7;20.9;27.1;15.6;42;248
1172;Nantes;1969;8;21.2;27.2;16.4;43;190
1173;Nantes;1969;9;18.2;23.9;12.7;69;131
1174;Nantes;1969;10;15.4;21.4;10.5;106;125
1175;Nantes;1969;11;8.1;14.1;2.6;93;80
1176;Nantes;1969;12;6.7;12.5;1.9;71;58
1177;Bordeaux;1969;1;7.3;13.8;2.0;85;68
1178;Bordeaux;1969;2;9.1;13.9;4.2;75;78
1179;Bordeaux;1969;3;11.6;17.8;7.3;79;166
1180;Bordeaux;1969;4;14.0;19.8;9.9;76;144
1181;Bordeaux;1969;5;17.0;22.8;11.5;68;243
1182;Bordeaux;1969;6;19.9;24.9;14.9;49;248
1183;Bordeaux;1969;7;22.8;27.4;17.2;54;219
1184;Bordeaux;1969;8;21.4;26.3;15.5;53;298
1185;Bordeaux;1969;9;18.2;23.7;12.7;92;195
1186;Bordeaux;1969;10;13.3;19.2;7.7;78;127
1187;Bordeaux;1969;11;10.0;14.7;5.3;75;79
1188;Bordeaux;1969;12;7.0;11.8;1.3;69;57
1189;Marseille;1969;1;8.6;14.9;2.6;62;122
1190;Marseille;1969;2;10.5;15.6;5.8;30;161
1191;Marseille;1969;3;12.5;18.8;7.7;43;194
1192;Marseille;1969;4;15.6;21.4;10.1;29;207
1193;Marseille;1969;5;20.3;25.6;16.3;29;289
1194;Marseille;1969;6;23.1;29.3;18.1;14;377
1195;Marseille;1969;7;28.1;34.1;23.1;4;387
1196;Marseille;1969;8;24.3;30.3;20.0;15;365
1197;Marseille;1969;9;22.2;27.8;16.7;44;286
1198;Marseille;1969;10;18.2;24.5;13.7;71;200
1199;Marseille;1969;11;13.4;18.9;8.6;84;109
1200;Marseille;1969;12;8.9;14.1;3.0;50;138
1201;Lille;1970;1;4.3;9.3;-0.8;56;49
1202;Lille;1970;2;5.3;11.1;1.3;31;60
1203;Lille;1970;3;7.6;12.2;3.5;44;125
1204;Lille;1970;4;11.4;16.1;5.9;41;174
1205;Lille;1970;5;14.6;20.5;8.8;57;185
1206;Lille;1970;6;17.6;23.2;11.8;65;197
1207;Lille;1970;7;19.5;24.8;13.9;70;175
1208;Lille;1970;8;19.0;23.6;14.4;51;165
1209;Lille;1970;9;15.9;20.6;11.5;62;142
1210;Lille;1970;10;12.2;17.8;7.8;64;92
1211;Lille;1970;11;7.3;12.9;2.1;62;51
1212;Lille;1970;12;5.9;12.1;1.4;68;35
1213;Paris;1970;1;5.1;10.7;1.0;54;50
1214;Paris;1970;2;6.7;12.3;1.8;54;80
1215;Paris;1970;3;9.0;15.0;3.4;56;107
1216;Paris;1970;4;12.5;18.2;8.0;60;166
1217;Paris;1970;5;16.2;21.1;11.4;69;171
1218;Paris;1970;6;18.0;24.1;13.2;49;237
1219;Paris;1970;7;21.9;26.7;15.9;64;251
1220;Paris;1970;8;20.5;25.5;15.7;59;191
1221;Paris;1970;9;16.9;22.5;12.0;70;167
1222;Paris;1970;10;13.6;18.4;8.6;47;124
1223;Paris;1970;11;8.1;13.2;3.5;50;75
1224;Paris;1970;12;4.7;11.1;-0.6;50;55
1225;Nantes;1970;1;7.2;12.8;1.6;75;91
1226;Nantes;1970;2;7.4;13.8;2.6;72;77
1227;Nantes;1970;3;9.9;15.6;5.7;79;147
1228;Nantes;1970;4;12.0;17.5;6.9;47;197
1229;Nantes;1970;5;16.7;21.9;12.6;50;174
1230;Nantes;1970;6;18.4;23.5;12.5;36;186
1231;Nantes;1970;7;22.2;28.5;17.3;40;271
1232;Nantes;1970;8;21.1;26.3;16.5;52;191
1233;Nantes;1970;9;17.1;22.2;12.0;73;156
1234;Nantes;1970;10;13.3;17.9;8.6;86;110
1235;Nantes;1970;11;9.1;15.1;4.4;88;79
1236;Nantes;1970;12;8.0;13.4;4.0;102;61
1237;Bordeaux;1970;1;5.6;11.4;0.7;80;74
1238;Bordeaux;1970;2;8.5;13.1;3.7;76;94
1239;Bordeaux;1970;3;11.9;17.5;6.5;58;170
1240;Bordeaux;1970;4;13.8;19.5;9.5;76;165
1241;Bordeaux;1970;5;17.2;23.3;12.0;49;201
1242;Bordeaux;1970;6;19.9;25.5;14.3;44;202
1243;Bordeaux;1970;7;23.6;30.0;18.1;46;255
1244;Bordeaux;1970;8;22.6;27.9;16.8;60;202
1245;Bordeaux;1970;9;18.3;23.6;13.3;52;176
1246;Bordeaux;1970;10;15.1;21.5;10.5;75;108
1247;Bordeaux;1970;11;10.0;14.7;5.6;83;77
1248;Bordeaux;1970;12;7.1;13.4;1.6;104;70
1249;Marseille;1970;1;9.6;15.7;3.7;58;161
1250;Marseille;1970;2;8.2;14.0;4.0;45;183
1251;Marseille;1970;3;13.7;18.9;8.4;32;175
1252;Marseille;1970;4;14.5;20.4;9.9;40;250
1253;Marseille;1970;5;19.8;25.6;14.5;34;238
1254;Marseille;1970;6;23.9;30.3;18.5;23;369
1255;Marseille;1970;7;28.0;32.7;23.5;5;391
1256;Marseille;1970;8;26.7;31.5;22.4;20;298
1257;Marseille;1970;9;22.7;27.4;17.0;47;207
1258;Marseille;1970;10;18.2;23.4;13.6;63;168
1259;Marseille;1970;11;12.8;18.6;7.5;62;152
1260;Marseille;1970;12;9.8;16.3;4.8;65;137
1261;Lille;1971;1;3.5;9.9;-2.5;64;51
1262;Lille;1971;2;2.6;7.4;-2.1;37;54
1263;Lille;1971;3;8.0;13.0;2.6;34;91
1264;Lille;1971;4;12.3;18.2;6.9;54;153
1265;Lille;1971;5;14.9;20.1;9.9;44;216
1266;Lille;1971;6;18.2;23.9;13.3;53;162
1267;Lille;1971;7;18.2;24.1;13.0;55;201
1268;Lille;1971;8;19.7;24.5;14.0;56;206
1269;Lille;1971;9;14.0;19.5;8.9;69;142
1270;Lille;1971;10;10.9;16.2;5.0;81;103
1271;Lille;1971;11;7.1;12.8;2.8;48;46
1272;Lille;1971;12;5.1;10.2;-0.5;54;33
1273;Paris;1971;1;4.9;11.0;-0.9;46;50
1274;Paris;1971;2;4.8;10.0;-1.0;48;65
1275;Paris;1971;3;9.5;14.9;5.2;51;115
1276;Paris;1971;4;12.6;17.2;8.3;40;175
1277;Paris;1971;5;17.1;22.4;11.8;67;186
1278;Paris;1971;6;18.2;23.6;12.3;45;181
1279;Paris;1971;7;20.4;25.1;14.5;45;179
1280;Paris;1971;8;21.2;26.2;16.8;41;184
1281;Paris;1971;9;16.4;22.4;11.9;54;148
1282;Paris;1971;10;13.2;17.9;7.5;77;100
1283;Paris;1971;11;8.1;14.2;4.0;52;73
1284;Paris;1971;12;6.4;12.7;1.3;66;55
1285;Nantes;1971;1;6.9;12.6;1.3;82;75
1286;Nantes;1971;2;7.8;13.3;2.5;53;78
1287;Nantes;1971;3;9.2;15.6;5.1;71;171
1288;Nantes;1971;4;13.6;18.2;8.6;67;184
1289;Nantes;1971;5;16.6;21.1;11.3;60;182
1290;Nantes;1971;6;20.3;26.7;15.2;34;170
1291;Nantes;1971;7;21.0;27.0;16.2;43;251
1292;Nantes;1971;8;19.9;24.9;15.3;35;224
1293;Nantes;1971;9;17.1;23.5;12.1;74;180
1294;Nantes;1971;10;14.9;20.7;10.4;107;94
1295;Nantes;1971;11;8.8;15.0;3.7;75;63
1296;Nantes;1971;12;6.8;12.0;1.3;104;53
1297;Bordeaux;1971;1;9.1;14.6;4.8;59;90
1298;Bordeaux;1971;2;7.6;13.7;2.0;88;102
1299;Bordeaux;1971;3;11.6;16.8;6.4;50;134
1300;Bordeaux;1971;4;12.8;17.6;8.6;54;146
1301;Bordeaux;1971;5;16.3;20.9;10.3;90;186
1302;Bordeaux;1971;6;19.5;24.6;14.0;44;203
1303;Bordeaux;1971;7;22.7;28.8;17.9;35;291
1304;Bordeaux;1971;8;22.1;28.3;16.3;53;296
1305;Bordeaux;1971;9;19.1;25.4;13.3;57;219
1306;Bordeaux;1971;10;15.1;20.7;11.0;114;117
1307;Bordeaux;1971;11;10.3;15.0;5.9;63;81
1308;Bordeaux;1971;12;7.7;12.7;3.1;75;65
1309;Marseille;1971;1;8.7;14.6;4.5;54;155
1310;Marseille;1971;2;8.6;14.8;2.9;34;161
1311;Marseille;1971;3;13.0;19.0;8.9;32;246
1312;Marseille;1971;4;15.6;20.7;10.8;47;255
1313;Marseille;1971;5;19.4;24.7;14.2;34;293
1314;Marseille;1971;6;24.6;29.2;19.4;18;357
1315;Marseille;1971;7;27.3;33.4;22.9;8;344
1316;Marseille;1971;8;24.8;31.0;20.1;13;343
1317;Marseille;1971;9;22.2;28.5;17.0;40;283
1318;Marseille;1971;10;17.3;22.2;11.5;82;163
1319;Marseille;1971;11;13.2;18.3;8.4;46;143
1320;Marseille;1971;12;9.8;14.8;3.9;57;143
1321;Lille;1972;1;3.5;9.1;-1.1;64;42
1322;Lille;1972;2;5.0;10.2;-0.9;55;79
1323;Lille;1972;3;7.5;13.9;1.6;56;94
1324;Lille;1972;4;10.5;16.7;5.4;44;137
1325;Lille;1972;5;14.1;20.2;8.3;46;149
1326;Lille;1972;6;18.2;23.3;12.7;66;191
1327;Lille;1972;7;20.2;24.7;14.8;80;170
1328;Lille;1972;8;19.4;25.2;13.7;52;189
1329;Lille;1972;9;16.5;22.7;10.9;55;141
1330;Lille;1972;10;11.3;17.0;6.6;59;95
1331;Lille;1972;11;6.8;11.4;2.8;45;58
1332;Lille;1972;12;3.8;9.1;-1.2;43;35
1333;Paris;1972;1;5.5;11.3;0.3;42;51
1334;Paris;1972;2;4.3;10.1;-1.1;38;68
1335;Paris;1972;3;10.2;15.2;5.9;38;142
1336;Paris;1972;4;12.4;18.9;6.6;39;170
1337;Paris;1972;5;16.3;22.8;12.1;70;193
1338;Paris;1972;6;19.1;24.7;13.3;40;176
1339;Paris;1972;7;21.5;26.8;17.2;71;248
1340;Paris;1972;8;20.9;26.4;15.9;57;184
1341;Paris;1972;9;17.7;23.4;11.9;55;175
1342;Paris;1972;10;12.3;16.8;7.4;75;99
1343;Paris;1972;11;8.1;12.7;3.9;59;59
1344;Paris;1972;12;6.4;12.0;0.4;65;52
1345;Nantes;1972;1;7.4;13.5;3.2;89;82
1346;Nantes;1972;2;8.5;13.2;4.5;80;81
1347;Nantes;1972;3;9.2;14.8;3.3;45;145
1348;Nantes;1972;4;12.4;18.0;6.6;49;173
1349;Nantes;1972;5;15.2;20.7;9.4;71;221
1350;Nantes;1972;6;18.5;23.6;12.6;36;252
1351;Nantes;1972;7;20.9;26.1;15.4;45;271
1352;Nantes;1972;8;21.0;26.7;15.7;32;248
1353;Nantes;1972;9;18.7;23.8;13.8;74;162
1354;Nantes;1972;10;12.5;18.3;7.9;79;131
1355;Nantes;1972;11;10.5;16.6;6.4;98;78
1356;Nantes;1972;12;6.4;11.7;1.0;95;75
1357;Bordeaux;1972;1;7.5;12.8;2.0;68;79
1358;Bordeaux;1972;2;8.7;13.4;3.6;88;79
1359;Bordeaux;1972;3;9.8;16.3;5.6;63;168
1360;Bordeaux;1972;4;14.2;19.9;9.6;53;202
1361;Bordeaux;1972;5;16.7;21.7;11.2;88;209
1362;Bordeaux;1972;6;21.5;27.7;15.5;63;253
1363;Bordeaux;1972;7;22.4;28.9;16.8;38;236
1364;Bordeaux;1972;8;21.6;27.6;17.3;44;258
1365;Bordeaux;1972;9;18.8;23.3;14.2;93;162
1366;Bordeaux;1972;10;15.4;20.0;9.6;69;116
1367;Bordeaux;1972;11;10.2;15.0;4.5;99;72
1368;Bordeaux;1972;12;7.7;12.5;2.9;69;72
1369;Marseille;1972;1;8.8;13.4;4.2;43;141
1370;Marseille;1972;2;8.8;13.8;3.5;49;147
1371;Marseille;1972;3;12.6;17.7;7.7;47;247
1372;Marseille;1972;4;15.9;20.8;10.3;44;264
1373;Marseille;1972;5;19.5;25.3;14.9;22;322
1374;Marseille;1972;6;23.3;28.9;19.1;22;347
1375;Marseille;1972;7;27.5;32.2;21.9;6;322
1376;Marseille;1972;8;26.1;31.2;20.2;12;402
1377;Marseille;1972;9;22.1;28.5;17.7;46;272
1378;Marseille;1972;10;18.4;23.9;13.8;71;174
1379;Marseille;1972;11;12.5;17.7;7.0;83;128
1380;Marseille;1972;12;10.2;14.9;5.4;49;154
1381;Lille;1973;1;3.6;9.5;-0.7;48;44
1382;Lille;1973;2;4.5;9.0;-0.2;46;75
1383;Lille;1973;3;7.4;13.6;2.1;39;134
1384;Lille;1973;4;11.3;17.6;5.5;41;128
1385;Lille;1973;5;15.0;21.3;10.6;39;202
1386;Lille;1973;6;18.9;25.2;13.9;53;199
1387;Lille;1973;7;19.4;25.3;14.7;83;178
1388;Lille;1973;8;19.5;25.6;13.9;49;208
1389;Lille;1973;9;16.2;21.3;10.4;49;135
1390;Lille;1973;10;11.2;15.9;5.3;56;92
1391;Lille;1973;11;7.2;13.2;2.8;57;47
1392;Lille;1973;12;5.2;11.3;0.8;75;37
1393;Paris;1973;1;6.0;10.5;1.1;57;52
1394;Paris;1973;2;6.4;11.9;2.3;40;89
1395;Paris;1973;3;9.1;15.1;5.0;56;121
1396;Paris;1973;4;13.8;18.8;9.4;58;177
1397;Paris;1973;5;15.5;20.8;11.3;42;206
1398;Paris;1973;6;18.3;23.5;13.0;52;214
1399;Paris;1973;7;22.4;28.7;16.9;45;179
1400;Paris;1973;8;21.7;26.9;17.5;53;220
1401;Paris;1973;9;17.2;23.7;11.7;49;165
1402;Paris;1973;10;14.1;19.5;9.2;57;126
1403;Paris;1973;11;8.5;13.3;2.7;51;52
1404;Paris;1973;12;6.8;11.6;2.4;71;59
1405;Nantes;1973;1;7.2;12.6;3.1;68;80
1406;Nantes;1973;2;7.9;14.4;2.2;59;97
1407;Nantes;1973;3;10.3;15.2;4.9;76;171
1408;Nantes;1973;4;12.9;18.2;8.5;48;144
1409;Nantes;1973;5;16.0;21.1;11.5;48;180
1410;Nantes;1973;6;19.7;25.9;15.4;56;228
1411;Nantes;1973;7;21.5;26.2;17.1;50;211
1412;Nantes;1973;8;21.3;26.4;16.4;46;192
1413;Nantes;1973;9;18.1;23.2;13.8;44;153
1414;Nantes;1973;10;14.3;20.1;8.9;98;127
1415;Nantes;1973;11;9.7;16.2;4.7;101;82
1416;Nantes;1973;12;8.0;12.7;2.4;92;64
1417;Bordeaux;1973;1;7.5;13.6;3.2;84;98
1418;Bordeaux;1973;2;8.9;15.3;3.9;50;77
1419;Bordeaux;1973;3;11.0;15.6;5.9;54;135
1420;Bordeaux;1973;4;14.3;20.1;9.9;59;191
1421;Bordeaux;1973;5;17.3;22.5;12.2;91;204
1422;Bordeaux;1973;6;20.9;26.4;16.2;59;245
1423;Bordeaux;1973;7;22.8;28.0;18.8;39;299
1424;Bordeaux;1973;8;22.9;28.0;18.5;55;215
1425;Bordeaux;1973;9;18.5;24.1;13.4;54;221
1426;Bordeaux;1973;10;15.4;20.4;9.9;76;109
1427;Bordeaux;1973;11;9.2;14.3;5.2;81;90
1428;Bordeaux;1973;12;7.8;14.2;2.7;81;74
1429;Marseille;1973;1;8.6;14.2;4.5;53;152
1430;Marseille;1973;2;9.9;16.3;5.5;32;172
1431;Marseille;1973;3;12.7;18.3;6.9;43;183
1432;Marseille;1973;4;14.4;20.6;9.8;30;187
1433;Marseille;1973;5;19.1;23.8;13.7;22;289
1434;Marseille;1973;6;23.6;29.8;17.8;22;283
1435;Marseille;1973;7;26.6;32.8;20.8;6;405
1436;Marseille;1973;8;25.8;31.5;20.1;12;369
1437;Marseille;1973;9;21.6;27.4;16.1;52;217
1438;Marseille;1973;10;18.2;24.2;12.4;86;203
1439;Marseille;1973;11;12.9;18.6;8.3;61;109
1440;Marseille;1973;12;9.4;15.0;3.8;68;126
1441;Lille;1974;1;4.6;9.4;-1.1;62;62
1442;Lille;1974;2;4.3;9.7;-1.2;37;58
1443;Lille;1974;3;7.2;13.5;1.2;54;131
1444;Lille;1974;4;11.4;16.1;5.5;34;144
1445;Lille;1974;5;15.3;20.2;11.0;68;185
1446;Lille;1974;6;18.6;24.6;14.1;62;199
1447;Lille;1974;7;20.8;25.4;16.7;55;149
1448;Lille;1974;8;20.0;25.1;14.3;57;161
1449;Lille;1974;9;16.1;21.2;10.5;73;141
1450;Lille;1974;10;12.2;16.9;7.7;66;83
1451;Lille;1974;11;7.1;12.4;2.2;62;44
1452;Lille;1974;12;3.9;9.5;-0.9;74;46
1453;Paris;1974;1;5.4;10.6;-0.1;58;65
1454;Paris;1974;2;5.6;11.6;1.3;38;67
1455;Paris;1974;3;8.9;15.3;4.5;44;105
1456;Paris;1974;4;11.9;17.7;6.7;63;143
1457;Paris;1974;5;16.7;22.2;11.8;45;170
1458;Paris;1974;6;20.7;26.9;16.2;63;215
1459;Paris;1974;7;21.9;27.3;17.8;52;207
1460;Paris;1974;8;20.9;27.2;16.2;56;187
1461;Paris;1974;9;18.6;25.0;13.9;71;174
1462;Paris;1974;10;12.9;19.4;7.7;67;108
1463;Paris;1974;11;8.0;14.4;2.5;45;69
1464;Paris;1974;12;4.8;10.5;-1.1;49;45
1465;Nantes;1974;1;6.9;12.1;0.9;73;89
1466;Nantes;1974;2;8.3;13.2;4.2;60;90
1467;Nantes;1974;3;9.4;13.9;5.2;49;145
1468;Nantes;1974;4;13.0;17.6;7.4;43;158
1469;Nantes;1974;5;14.1;20.0;8.5;63;217
1470;Nantes;1974;6;18.8;24.2;14.4;46;225
1471;Nantes;1974;7;21.4;27.7;16.9;39;279
1472;Nantes;1974;8;21.3;25.8;15.4;55;189
1473;Nantes;1974;9;18.4;23.5;13.0;65;152
1474;Nantes;1974;10;13.9;18.6;8.2;58;115
1475;Nantes;1974;11;9.1;15.4;4.9;96;65
1476;Nantes;1974;12;8.0;14.1;3.0;76;76
1477;Bordeaux;1974;1;8.1;14.1;3.9;56;80
1478;Bordeaux;1974;2;7.5;12.5;2.7;59;96
1479;Bordeaux;1974;3;9.9;15.1;4.5;63;136
1480;Bordeaux;1974;4;13.5;18.1;8.2;75;163
1481;Bordeaux;1974;5;18.4;23.2;14.0;75;199
1482;Bordeaux;1974;6;20.6;25.1;16.5;65;229
1483;Bordeaux;1974;7;22.4;27.7;17.1;45;265
1484;Bordeaux;1974;8;23.1;27.6;17.4;60;244
1485;Bordeaux;1974;9;19.9;24.4;15.9;79;164
1486;Bordeaux;1974;10;14.0;19.7;9.8;80;112
1487;Bordeaux;1974;11;10.0;16.2;5.6;89;92
1488;Bordeaux;1974;12;7.3;13.2;1.4;98;80
1489;Marseille;1974;1;8.9;14.3;3.5;55;163
1490;Marseille;1974;2;9.3;13.9;3.4;28;187
1491;Marseille;1974;3;13.3;18.7;7.8;41;172
1492;Marseille;1974;4;16.0;21.8;11.8;35;267
1493;Marseille;1974;5;19.8;25.3;14.3;23;297
1494;Marseille;1974;6;24.7;29.3;20.2;19;307
1495;Marseille;1974;7;27.1;33.4;22.1;7;363
1496;Marseille;1974;8;26.1;31.6;22.0;19;310
1497;Marseille;1974;9;22.3;28.0;16.6;35;290
1498;Marseille;1974;10;17.3;22.3;12.4;58;191
1499;Marseille;1974;11;11.7;17.7;6.8;63;135
1500;Marseille;1974;12;8.6;14.1;3.5;67;147
1501;Lille;1975;1;3.4;8.7;-0.7;58;51
1502;Lille;1975;2;4.3;9.5;0.1;50;66
1503;Lille;1975;3;8.0;14.0;3.9;40;98
1504;Lille;1975;4;11.2;16.7;7.1;51;136
1505;Lille;1975;5;15.2;20.7;9.3;50;215
1506;Lille;1975;6;18.1;23.6;13.1;69;198
1507;Lille;1975;7;19.7;24.4;14.7;70;218
1508;Lille;1975;8;19.4;25.3;14.5;60;185
1509;Lille;1975;9;16.0;20.7;11.8;68;152
1510;Lille;1975;10;11.4;16.2;6.6;79;81
1511;Lille;1975;11;9.8;16.2;5.0;43;42
1512;Lille;1975;12;4.6;11.0;-0.2;74;37
1513;Paris;1975;1;6.0;10.9;0.8;58;69
1514;Paris;1975;2;6.0;11.6;1.4;54;62
1515;Paris;1975;3;9.0;15.4;4.7;55;136
1516;Paris;1975;4;12.8;18.1;6.9;61;139
1517;Paris;1975;5;17.6;23.5;13.4;73;227
1518;Paris;1975;6;19.3;24.0;13.5;70;211
1519;Paris;1975;7;21.2;26.9;16.8;80;236
1520;Paris;1975;8;22.3;28.2;17.0;59;217
1521;Paris;1975;9;16.4;22.4;12.0;57;185
1522;Paris;1975;10;13.6;19.0;7.7;72;111
1523;Paris;1975;11;8.3;14.3;2.6;63;65
1524;Paris;1975;12;5.0;11.5;-0.8;53;51
1525;Nantes;1975;1;6.9;13.2;2.7;92;83
1526;Nantes;1975;2;7.0;13.1;2.3;77;77
1527;Nantes;1975;3;9.8;16.0;5.4;57;137
1528;Nantes;1975;4;12.6;17.5;7.0;54;193
1529;Nantes;1975;5;16.1;20.6;10.7;59;176
1530;Nantes;1975;6;19.8;25.9;14.8;56;198
1531;Nantes;1975;7;22.0;27.6;17.6;36;279
1532;Nantes;1975;8;20.9;26.6;15.6;32;238
1533;Nantes;1975;9;17.1;23.5;12.1;55;196
1534;Nantes;1975;10;14.7;21.0;9.2;74;103
1535;Nantes;1975;11;8.4;13.1;4.3;58;61
1536;Nantes;1975;12;8.2;12.8;2.7;87;73
1537;Bordeaux;1975;1;8.5;13.5;2.5;93;79
1538;Bordeaux;1975;2;9.1;14.3;4.7;76;80
1539;Bordeaux;1975;3;11.4;17.1;7.0;87;157
1540;Bordeaux;1975;4;12.4;18.2;7.5;69;150
1541;Bordeaux;1975;5;17.7;23.8;13.0;87;220
1542;Bordeaux;1975;6;20.7;26.6;15.2;67;208
1543;Bordeaux;1975;7;22.6;28.7;17.2;40;228
1544;Bordeaux;1975;8;22.1;27.0;16.9;47;246
1545;Bordeaux;1975;9;19.4;24.3;14.3;61;214
1546;Bordeaux;1975;10;15.4;21.6;10.5;116;132
1547;Bordeaux;1975;11;9.5;15.9;4.6;63;78
1548;Bordeaux;1975;12;6.2;11.1;0.4;98;78
1549;Marseille;1975;1;9.5;15.5;4.4;38;149
1550;Marseille;1975;2;10.6;15.7;5.6;35;147
1551;Marseille;1975;3;13.0;17.9;7.6;41;179
1552;Marseille;1975;4;15.2;21.2;10.8;40;255
1553;Marseille;1975;5;17.0;22.8;11.8;32;315
1554;Marseille;1975;6;22.5;27.7;17.8;19;322
1555;Marseille;1975;7;26.9;31.8;21.4;6;393
1556;Marseille;1975;8;26.2;31.6;20.5;18;309
1557;Marseille;1975;9;23.4;28.4;18.9;42;245
1558;Marseille;1975;10;17.8;23.0;13.4;57;211
1559;Marseille;1975;11;11.7;16.7;5.9;83;143
1560;Marseille;1975;12;9.2;14.8;3.8;70;108
1561;Lille;1976;1;4.9;10.6;0.9;47;57
1562;Lille;1976;2;5.3;10.5;-0.7;37;79
1563;Lille;1976;3;7.7;13.3;2.6;49;117
1564;Lille;1976;4;9.2;14.4;4.8;40;124
1565;Lille;1976;5;14.3;18.9;9.5;40;215
1566;Lille;1976;6;18.5;23.4;13.5;61;163
1567;Lille;1976;7;19.2;25.0;14.2;59;194
1568;Lille;1976;8;18.8;24.0;12.9;49;173
1569;Lille;1976;9;15.1;20.8;9.6;55;131
1570;Lille;1976;10;11.8;16.4;6.1;61;98
1571;Lille;1976;11;8.5;13.5;3.0;61;52
1572;Lille;1976;12;4.4;10.3;-0.7;54;42
1573;Paris;1976;1;5.4;11.2;1.3;68;64
1574;Paris;1976;2;6.3;12.1;2.2;44;82
1575;Paris;1976;3;9.5;15.9;4.8;51;149
1576;Paris;1976;4;12.5;18.6;7.2;39;185
1577;Paris;1976;5;15.4;20.1;10.0;59;170
1578;Paris;1976;6;17.9;23.6;12.1;47;201
1579;Paris;1976;7;21.8;26.4;17.1;68;228
1580;Paris;1976;8;21.3;27.5;17.1;54;192
1581;Paris;1976;9;17.8;24.1;13.5;47;162
1582;Paris;1976;10;12.9;18.5;8.6;73;126
1583;Paris;1976;11;9.4;14.6;3.7;51;58
1584;Paris;1976;12;4.2;10.6;-0.1;45;57
1585;Nantes;1976;1;7.1;13.2;2.5;95;73
1586;Nantes;1976;2;7.6;13.4;3.6;74;93
1587;Nantes;1976;3;10.2;16.5;5.6;47;157
1588;Nantes;1976;4;12.3;17.7;6.8;51;169
1589;Nantes;1976;5;17.2;23.1;12.3;71;168
1590;Nantes;1976;6;18.3;24.1;13.9;50;175
1591;Nantes;1976;7;21.7;28.1;16.0;40;269
1592;Nantes;1976;8;20.6;26.3;15.8;35;182
1593;Nantes;1976;9;17.5;22.6;11.8;63;189
1594;Nantes;1976;10;13.3;19.0;8.5;81;119
1595;Nantes;1976;11;10.2;16.2;5.2;69;83
1596;Nantes;1976;12;8.5;13.4;2.6;63;63
1597;Bordeaux;1976;1;7.8;12.6;3.0;71;85
1598;Bordeaux;1976;2;8.4;13.0;3.5;68;98
1599;Bordeaux;1976;3;11.2;16.4;6.4;56;158
1600;Bordeaux;1976;4;13.7;18.5;8.8;77;144
1601;Bordeaux;1976;5;18.1;24.6;13.7;61;181
1602;Bordeaux;1976;6;20.7;26.5;16.5;57;279
1603;Bordeaux;1976;7;22.6;27.2;18.3;54;262
1604;Bordeaux;1976;8;22.2;27.6;16.3;47;280
1605;Bordeaux;1976;9;19.2;25.2;13.6;91;208
1606;Bordeaux;1976;10;14.2;19.8;9.6;113;118
1607;Bordeaux;1976;11;9.4;15.2;3.9;69;79
1608;Bordeaux;1976;12;6.9;11.8;1.7;95;67
1609;Marseille;1976;1;9.5;15.8;5.0;46;142
1610;Marseille;1976;2;10.6;16.8;6.0;42;166
1611;Marseille;1976;3;13.5;19.2;8.3;35;242
1612;Marseille;1976;4;16.2;21.0;10.6;48;267
1613;Marseille;1976;5;19.7;25.2;15.5;24;263
1614;Marseille;1976;6;22.6;28.4;18.4;21;376
1615;Marseille;1976;7;27.3;32.1;22.2;5;407
1616;Marseille;1976;8;25.4;31.3;20.7;14;289
1617;Marseille;1976;9;21.1;26.7;16.6;37;220
1618;Marseille;1976;10;17.4;22.0;13.0;63;147
1619;Marseille;1976;11;12.6;17.3;6.9;66;121
1620;Marseille;1976;12;8.7;14.8;3.8;46;105
1621;Lille;1977;1;3.7;9.6;-1.6;39;45
1622;Lille;1977;2;4.6;10.2;-0.9;45;64
1623;Lille;1977;3;7.6;12.4;2.3;56;120
1624;Lille;1977;4;11.0;17.3;5.1;54;170
1625;Lille;1977;5;15.3;20.8;10.1;44;215
1626;Lille;1977;6;17.5;23.2;13.1;61;211
1627;Lille;1977;7;20.4;25.9;15.6;88;212
1628;Lille;1977;8;18.5;25.0;13.7;71;179
1629;Lille;1977;9;15.4;21.2;9.7;69;111
1630;Lille;1977;10;12.2;17.5;7.0;64;82
1631;Lille;1977;11;7.1;11.8;1.9;59;53
1632;Lille;1977;12;4.4;9.7;-1.4;66;46
1633;Paris;1977;1;5.0;10.0;-0.7;44;52
1634;Paris;1977;2;6.4;11.1;1.4;41;71
1635;Paris;1977;3;9.2;15.3;5.0;49;123
1636;Paris;1977;4;12.7;17.7;6.9;51;155
1637;Paris;1977;5;16.3;20.9;10.8;53;166
1638;Paris;1977;6;18.1;24.5;13.2;41;192
1639;Paris;1977;7;21.8;26.8;17.3;73;247
1640;Paris;1977;8;20.9;27.3;15.4;52;209
1641;Paris;1977;9;17.0;22.2;11.3;59;147
1642;Paris;1977;10;13.3;19.4;7.4;77;91
1643;Paris;1977;11;7.9;12.6;2.3;62;68
1644;Paris;1977;12;6.0;11.4;0.1;49;52
1645;Nantes;1977;1;6.9;12.6;2.3;72;68
1646;Nantes;1977;2;8.4;14.5;3.3;59;81
1647;Nantes;1977;3;9.8;16.3;4.6;47;164
1648;Nantes;1977;4;10.4;16.0;6.2;47;159
1649;Nantes;1977;5;15.2;21.1;9.8;66;160
1650;Nantes;1977;6;19.4;25.6;13.7;56;232
1651;Nantes;1977;7;20.9;27.1;16.8;51;279
1652;Nantes;1977;8;21.5;27.6;16.7;37;263
1653;Nantes;1977;9;17.6;23.8;13.1;55;157
1654;Nantes;1977;10;14.6;19.8;9.0;67;113
1655;Nantes;1977;11;9.1;15.1;3.3;88;70
1656;Nantes;1977;12;7.0;12.7;2.5;102;67
1657;Bordeaux;1977;1;7.2;13.2;1.7;60;95
1658;Bordeaux;1977;2;7.5;13.6;2.4;75;104
1659;Bordeaux;1977;3;12.0;17.4;6.9;52;141
1660;Bordeaux;1977;4;14.0;20.0;8.5;52;178
1661;Bordeaux;1977;5;17.0;23.4;12.1;76;193
1662;Bordeaux;1977;6;20.1;26.5;14.5;56;196
1663;Bordeaux;1977;7;22.9;28.2;17.9;55;300
1664;Bordeaux;1977;8;22.3;27.5;16.7;58;278
1665;Bordeaux;1977;9;18.9;23.6;13.4;55;168
1666;Bordeaux;1977;10;14.5;20.1;9.2;69;109
1667;Bordeaux;1977;11;9.0;14.2;4.6;84;87
1668;Bordeaux;1977;12;7.3;13.5;3.0;99;73
1669;Marseille;1977;1;10.4;15.8;5.0;60;139
1670;Marseille;1977;2;9.3;14.1;4.8;33;166
1671;Marseille;1977;3;12.2;17.3;6.4;36;242
1672;Marseille;1977;4;14.8;19.9;8.9;46;233
1673;Marseille;1977;5;18.9;25.2;13.2;35;327
1674;Marseille;1977;6;24.5;31.0;19.7;14;337
1675;Marseille;1977;7;26.9;31.4;22.7;7;404
1676;Marseille;1977;8;27.5;33.7;22.3;17;356
1677;Marseille;1977;9;23.0;28.9;17.2;49;264
1678;Marseille;1977;10;17.6;22.6;12.3;70;160
1679;Marseille;1977;11;12.5;18.8;7.3;84;134
1680;Marseille;1977;12;9.6;15.5;5.3;45;137
1681;Lille;1978;1;5.1;11.0;0.6;47;51
1682;Lille;1978;2;5.9;12.0;0.1;48;67
1683;Lille;1978;3;8.5;14.5;2.9;39;100
1684;Lille;1978;4;9.1;15.6;4.9;44;134
1685;Lille;1978;5;15.8;21.1;11.1;38;206
1686;Lille;1978;6;18.8;23.5;13.7;43;222
1687;Lille;1978;7;19.7;24.3;14.9;78;218
1688;Lille;1978;8;20.3;25.0;15.9;57;195
1689;Lille;1978;9;15.4;21.0;10.0;68;161
1690;Lille;1978;10;11.9;17.5;7.4;59;101
1691;Lille;1978;11;6.7;12.4;1.4;42;58
1692;Lille;1978;12;6.0;12.2;1.3;74;45
1693;Paris;1978;1;5.4;10.6;0.0;63;71
1694;Paris;1978;2;4.9;9.7;0.6;44;82
1695;Paris;1978;3;9.7;15.4;4.6;52;138
1696;Paris;1978;4;11.8;18.1;7.1;45;146
1697;Paris;1978;5;16.8;21.5;11.4;46;195
1698;Paris;1978;6;18.5;24.3;12.7;38;207
1699;Paris;1978;7;22.1;26.7;16.8;50;223
1700;Paris;1978;8;22.6;28.1;16.7;39;238
1701;Paris;1978;9;18.0;23.3;13.4;42;145
1702;Paris;1978;10;13.1;19.4;7.7;56;107
1703;Paris;1978;11;9.1;13.8;4.6;56;71
1704;Paris;1978;12;4.0;9.8;-0.4;43;52
1705;Nantes;1978;1;7.7;12.8;2.5;98;66
1706;Nantes;1978;2;8.3;13.9;4.3;79;104
1707;Nantes;1978;3;9.7;15.4;5.4;64;117
1708;Nantes;1978;4;11.4;17.6;6.6;69;188
1709;Nantes;1978;5;15.7;22.0;9.9;60;188
1710;Nantes;1978;6;18.7;24.1;13.9;47;212
1711;Nantes;1978;7;21.7;26.9;17.6;31;251
1712;Nantes;1978;8;21.1;27.4;16.7;45;215
1713;Nantes;1978;9;18.3;23.8;13.1;60;133
1714;Nantes;1978;10;14.0;18.7;9.3;83;120
1715;Nantes;1978;11;9.2;13.8;4.4;82;67
1716;Nantes;1978;12;7.3;11.8;1.3;85;57
1717;Bordeaux;1978;1;6.8;11.8;1.7;75;83
1718;Bordeaux;1978;2;8.2;13.2;4.1;81;95
1719;Bordeaux;1978;3;11.8;18.2;6.0;60;139
1720;Bordeaux;1978;4;14.4;19.0;9.9;72;188
1721;Bordeaux;1978;5;17.3;23.0;12.4;87;238
1722;Bordeaux;1978;6;21.2;27.4;15.8;70;211
1723;Bordeaux;1978;7;23.3;29.0;19.2;59;249
1724;Bordeaux;1978;8;22.4;27.9;16.7;54;234
1725;Bordeaux;1978;9;18.4;23.3;13.8;78;215
1726;Bordeaux;1978;10;14.5;19.7;9.8;83;122
1727;Bordeaux;1978;11;9.8;16.1;3.9;80;94
1728;Bordeaux;1978;12;8.2;13.9;2.9;75;67
1729;Marseille;1978;1;9.8;14.5;5.3;49;164
1730;Marseille;1978;2;10.7;16.8;6.2;31;130
1731;Marseille;1978;3;13.0;17.8;8.0;35;166
1732;Marseille;1978;4;16.8;21.3;12.3;43;268
1733;Marseille;1978;5;17.3;23.7;12.8;33;330
1734;Marseille;1978;6;23.9;29.9;18.0;21;286
1735;Marseille;1978;7;27.1;31.9;21.4;4;322
1736;Marseille;1978;8;27.0;32.6;21.2;12;364
1737;Marseille;1978;9;22.4;28.2;18.0;51;252
1738;Marseille;1978;10;18.0;23.9;13.4;85;168
1739;Marseille;1978;11;13.0;18.6;7.6;75;138
1740;Marseille;1978;12;8.3;14.6;3.5;49;120
1741;Lille;1979;1;4.0;9.3;-0.3;49;51
1742;Lille;1979;2;4.5;10.6;-1.0;43;80
1743;Lille;1979;3;8.1;13.4;3.6;48;103
1744;Lille;1979;4;11.0;17.2;5.5;43;145
1745;Lille;1979;5;15.6;21.2;10.6;38;158
1746;Lille;1979;6;16.5;22.6;11.5;69;195
1747;Lille;1979;7;20.1;25.4;14.6;86;205
1748;Lille;1979;8;19.1;25.1;14.1;55;201
1749;Lille;1979;9;17.8;22.5;12.1;54;152
1750;Lille;1979;10;12.0;16.7;6.4;64;80
1751;Lille;1979;11;6.2;11.9;1.1;52;46
1752;Lille;1979;12;4.9;10.0;0.4;45;46
1753;Paris;1979;1;4.9;9.8;-0.4;51;57
1754;Paris;1979;2;6.6;12.6;1.6;56;73
1755;Paris;1979;3;9.8;16.0;4.9;41;106
1756;Paris;1979;4;12.7;17.8;7.8;48;170
1757;Paris;1979;5;15.7;21.8;10.5;69;225
1758;Paris;1979;6;19.1;24.0;13.2;43;205
1759;Paris;1979;7;21.6;26.3;17.0;80;176
1760;Paris;1979;8;21.7;26.3;17.6;42;192
1761;Paris;1979;9;17.8;23.5;12.8;67;172
1762;Paris;1979;10;11.7;16.4;6.8;70;105
1763;Paris;1979;11;8.6;14.9;3.1;37;72
1764;Paris;1979;12;6.7;12.4;1.6;59;42
1765;Nantes;1979;1;6.5;12.5;1.6;66;63
1766;Nantes;1979;2;8.1;13.0;3.6;68;85
1767;Nantes;1979;3;9.0;14.6;4.6;49;172
1768;Nantes;1979;4;12.5;17.7;8.4;51;142
1769;Nantes;1979;5;15.4;20.2;10.3;51;175
1770;Nantes;1979;6;19.9;25.8;15.8;36;232
1771;Nantes;1979;7;20.6;25.9;14.7;47;218
1772;Nantes;1979;8;22.3;28.2;16.8;37;205
1773;Nantes;1979;9;18.6;23.2;13.8;47;195
1774;Nantes;1979;10;12.5;17.8;6.6;61;93
1775;Nantes;1979;11;9.4;15.1;5.0;78;76
1776;Nantes;1979;12;6.5;11.5;1.7;95;65
1777;Bordeaux;1979;1;7.1;12.1;1.4;62;88
1778;Bordeaux;1979;2;8.7;14.5;4.0;53;81
1779;Bordeaux;1979;3;11.5;17.5;6.4;66;144
1780;Bordeaux;1979;4;15.9;21.8;11.3;64;171
1781;Bordeaux;1979;5;17.8;23.5;12.2;80;171
1782;Bordeaux;1979;6;22.2;27.4;18.2;68;279
1783;Bordeaux;1979;7;23.0;28.1;18.7;45;309
1784;Bordeaux;1979;8;22.3;27.3;16.4;46;212
1785;Bordeaux;1979;9;19.4;24.7;14.2;57;159
1786;Bordeaux;1979;10;14.1;20.4;8.4;111;113
1787;Bordeaux;1979;11;10.8;15.8;5.0;64;88
1788;Bordeaux;1979;12;8.6;13.8;4.4;69;57
1789;Marseille;1979;1;8.4;14.4;2.6;65;121
1790;Marseille;1979;2;10.0;15.6;5.5;41;148
1791;Marseille;1979;3;12.6;19.0;7.8;46;199
1792;Marseille;1979;4;15.0;21.3;9.5;35;223
1793;Marseille;1979;5;19.0;23.7;13.5;32;271
1794;Marseille;1979;6;24.4;29.9;19.0;15;388
1795;Marseille;1979;7;26.8;31.7;22.7;7;301
1796;Marseille;1979;8;26.2;32.2;22.2;20;303
1797;Marseille;1979;9;22.2;26.9;17.9;35;230
1798;Marseille;1979;10;18.4;23.2;14.2;56;210
1799;Marseille;1979;11;13.4;19.2;8.3;64;114
1800;Marseille;1979;12;8.3;14.3;4.1;55;128
1801;Lille;1980;1;3.9;8.8;-0.2;59;44
1802;Lille;1980;2;4.4;9.9;-1.2;48;68
1803;Lille;1980;3;9.0;13.9;4.5;46;105
1804;Lille;1980;4;9.3;13.9;3.7;37;145
1805;Lille;1980;5;15.0;20.3;9.3;56;147
1806;Lille;1980;6;17.5;23.7;12.1;44;210
1807;Lille;1980;7;19.9;26.0;13.9;85;171
1808;Lille;1980;8;19.5;24.3;15.4;70;172
1809;Lille;1980;9;16.8;21.8;11.1;50;157
1810;Lille;1980;10;11.5;17.9;6.5;78;99
1811;Lille;1980;11;7.7;13.9;1.9;61;47
1812;Lille;1980;12;4.5;9.5;-1.2;52;35
1813;Paris;1980;1;6.0;10.6;1.7;55;54
1814;Paris;1980;2;7.7;12.4;3.1;49;85
1815;Paris;1980;3;9.1;14.9;4.5;47;120
1816;Paris;1980;4;14.1;19.6;9.6;62;165
1817;Paris;1980;5;16.6;22.7;12.6;69;199
1818;Paris;1980;6;18.0;23.8;13.6;69;191
1819;Paris;1980;7;21.5;26.7;15.8;56;178
1820;Paris;1980;8;21.2;26.0;15.3;45;213
1821;Paris;1980;9;17.1;22.2;11.8;69;157
1822;Paris;1980;10;14.7;19.6;9.9;70;89
1823;Paris;1980;11;8.9;15.2;3.6;42;73
1824;Paris;1980;12;6.6;11.6;1.2;52;42
1825;Nantes;1980;1;6.1;11.4;0.8;97;64
1826;Nantes;1980;2;7.5;13.6;2.7;50;75
1827;Nantes;1980;3;8.8;14.8;4.4;74;145
1828;Nantes;1980;4;13.0;19.2;7.7;51;147
1829;Nantes;1980;5;15.0;20.5;10.3;66;232
1830;Nantes;1980;6;17.9;23.7;12.0;57;220
1831;Nantes;1980;7;21.4;26.2;15.8;31;217
1832;Nantes;1980;8;21.4;27.2;17.0;41;201
1833;Nantes;1980;9;18.5;23.3;12.6;70;189
1834;Nantes;1980;10;13.9;19.6;9.8;97;125
1835;Nantes;1980;11;9.0;13.5;3.2;91;75
1836;Nantes;1980;12;7.7;14.0;1.7;98;73
1837;Bordeaux;1980;1;9.3;15.8;4.5;57;97
1838;Bordeaux;1980;2;7.8;14.0;3.1;79;110
1839;Bordeaux;1980;3;11.9;17.4;7.3;54;135
1840;Bordeaux;1980;4;13.8;19.1;8.7;74;179
1841;Bordeaux;1980;5;17.8;23.3;12.4;83;206
1842;Bordeaux;1980;6;21.3;26.3;15.9;54;213
1843;Bordeaux;1980;7;23.0;27.8;18.4;47;248
1844;Bordeaux;1980;8;23.0;27.5;17.9;66;295
1845;Bordeaux;1980;9;18.9;24.3;13.3;64;182
1846;Bordeaux;1980;10;14.5;19.5;10.5;103;147
1847;Bordeaux;1980;11;9.9;15.0;5.8;73;81
1848;Bordeaux;1980;12;7.7;12.6;2.5;65;60
1849;Marseille;1980;1;10.2;16.0;6.0;62;129
1850;Marseille;1980;2;10.8;16.1;6.0;42;130
1851;Marseille;1980;3;12.9;18.4;8.8;36;221
1852;Marseille;1980;4;14.5;19.3;10.3;31;223
1853;Marseille;1980;5;19.7;24.4;15.6;27;266
1854;Marseille;1980;6;23.2;27.7;17.8;18;390
1855;Marseille;1980;7;27.5;33.8;23.1;7;433
1856;Marseille;1980;8;25.3;31.2;19.5;20;394
1857;Marseille;1980;9;22.9;28.0;17.9;57;225
1858;Marseille;1980;10;17.9;23.7;11.9;70;158
1859;Marseille;1980;11;14.2;19.1;10.0;52;152
1860;Marseille;1980;12;9.0;13.7;3.7;54;124
1861;Lille;1981;1;4.6;10.1;-0.3;62;55
1862;Lille;1981;2;5.5;11.7;-0.1;32;57
1863;Lille;1981;3;7.8;13.9;2.7;39;94
1864;Lille;1981;4;10.4;15.8;5.1;31;145
1865;Lille;1981;5;14.7;20.7;10.1;68;178
1866;Lille;1981;6;18.3;23.6;13.6;58;167
1867;Lille;1981;7;20.7;26.7;16.5;69;208
1868;Lille;1981;8;18.6;24.6;13.5;78;208
1869;Lille;1981;9;14.6;20.1;10.2;72;119
1870;Lille;1981;10;11.9;18.1;6.2;62;104
1871;Lille;1981;11;6.9;13.2;2.0;66;45
1872;Lille;1981;12;6.0;11.7;1.1;54;33
1873;Paris;1981;1;5.4;11.2;0.6;42;62
1874;Paris;1981;2;5.5;10.5;0.3;41;82
1875;Paris;1981;3;8.6;14.9;4.4;54;130
1876;Paris;1981;4;13.2;19.6;8.9;63;132
1877;Paris;1981;5;18.7;24.4;14.7;50;181
1878;Paris;1981;6;20.2;25.2;14.8;68;228
1879;Paris;1981;7;20.9;26.0;15.2;65;182
1880;Paris;1981;8;20.9;26.5;16.7;67;206
1881;Paris;1981;9;18.0;22.7;13.3;54;167
1882;Paris;1981;10;14.0;19.6;9.8;50;88
1883;Paris;1981;11;8.3;14.8;3.6;42;55
1884;Paris;1981;12;6.6;13.1;0.9;74;56
1885;Nantes;1981;1;7.2;12.5;2.2;70;69
1886;Nantes;1981;2;7.6;12.8;3.3;51;100
1887;Nantes;1981;3;9.8;14.4;5.0;55;167
1888;Nantes;1981;4;13.2;19.1;7.4;53;163
1889;Nantes;1981;5;15.9;22.0;10.0;50;181
1890;Nantes;1981;6;19.0;25.3;13.6;37;250
1891;Nantes;1981;7;20.7;25.7;15.9;52;194
1892;Nantes;1981;8;20.5;25.7;15.2;39;242
1893;Nantes;1981;9;17.7;23.9;13.4;44;140
1894;Nantes;1981;10;13.5;19.6;8.5;65;108
1895;Nantes;1981;11;9.5;15.8;5.1;101;85
1896;Nantes;1981;12;9.3;15.4;3.5;73;62
1897;Bordeaux;1981;1;6.8;13.3;1.7;91;93
1898;Bordeaux;1981;2;7.7;14.2;3.0;83;77
1899;Bordeaux;1981;3;10.5;16.4;6.5;73;125
1900;Bordeaux;1981;4;13.1;18.1;8.0;54;211
1901;Bordeaux;1981;5;17.5;23.9;11.6;58;191
1902;Bordeaux;1981;6;20.5;26.9;15.9;45;242
1903;Bordeaux;1981;7;23.7;29.3;19.3;56;227
1904;Bordeaux;1981;8;22.7;27.3;18.7;60;206
1905;Bordeaux;1981;9;19.1;24.7;14.5;83;200
1906;Bordeaux;1981;10;15.3;20.8;9.6;111;106
1907;Bordeaux;1981;11;10.7;15.5;5.2;77;76
1908;Bordeaux;1981;12;8.5;14.4;3.1;76;63
1909;Marseille;1981;1;7.2;12.9;1.9;46;176
1910;Marseille;1981;2;9.6;15.5;4.5;45;175
1911;Marseille;1981;3;12.8;17.6;7.6;41;243
1912;Marseille;1981;4;15.4;21.0;10.4;40;267
1913;Marseille;1981;5;18.1;24.4;14.1;24;325
1914;Marseille;1981;6;24.5;30.0;19.0;13;315
1915;Marseille;1981;7;27.1;31.8;22.3;6;437
1916;Marseille;1981;8;26.9;31.9;22.6;19;389
1917;Marseille;1981;9;22.5;28.0;18.3;41;291
1918;Marseille;1981;10;17.8;23.0;13.8;56;168
1919;Marseille;1981;11;12.4;18.9;7.4;55;114
1920;Marseille;1981;12;8.5;13.6;4.3;69;139
1921;Lille;1982;1;4.2;10.1;0.1;49;56
1922;Lille;1982;2;4.3;9.9;-0.3;43;61
1923;Lille;1982;3;6.4;11.6;2.2;32;134
1924;Lille;1982;4;9.8;15.0;5.0;34;142
1925;Lille;1982;5;14.9;20.8;10.2;54;199
1926;Lille;1982;6;17.1;22.9;13.1;63;166
1927;Lille;1982;7;19.9;25.7;14.1;50;193
1928;Lille;1982;8;19.2;25.1;13.4;55;210
1929;Lille;1982;9;16.1;21.0;11.3;59;129
1930;Lille;1982;10;11.9;17.9;7.0;69;101
1931;Lille;1982;11;7.7;12.5;3.3;65;61
1932;Lille;1982;12;4.2;9.2;-0.5;52;44
1933;Paris;1982;1;5.4;11.7;0.2;52;65
1934;Paris;1982;2;5.5;11.9;-0.4;35;90
1935;Paris;1982;3;9.1;14.0;4.3;43;123
1936;Paris;1982;4;12.7;17.3;7.3;56;171
1937;Paris;1982;5;15.1;20.0;9.5;66;219
1938;Paris;1982;6;19.2;24.4;14.1;68;246
1939;Paris;1982;7;21.2;26.8;16.3;76;260
1940;Paris;1982;8;20.4;25.5;16.4;62;235
1941;Paris;1982;9;17.5;23.6;12.8;43;161
1942;Paris;1982;10;12.9;18.1;7.1;51;89
1943;Paris;1982;11;8.3;13.3;2.6;51;60
1944;Paris;1982;12;5.1;10.5;0.8;71;44
1945;Nantes;1982;1;5.7;11.2;1.1;69;82
1946;Nantes;1982;2;7.7;12.9;3.2;55;104
1947;Nantes;1982;3;10.1;16.2;5.8;77;157
1948;Nantes;1982;4;12.2;17.3;8.1;59;145
1949;Nantes;1982;5;15.7;22.0;9.9;65;220
1950;Nantes;1982;6;18.8;25.1;14.2;43;225
1951;Nantes;1982;7;20.5;26.1;14.9;47;253
1952;Nantes;1982;8;21.2;26.4;17.0;42;194
1953;Nantes;1982;9;17.4;22.1;12.3;57;162
1954;Nantes;1982;10;13.3;18.5;8.3;70;125
1955;Nantes;1982;11;9.2;13.8;4.9;62;62
1956;Nantes;1982;12;6.5;11.5;0.9;75;74
1957;Bordeaux;1982;1;7.4;12.1;1.6;56;95
1958;Bordeaux;1982;2;7.4;13.9;2.0;74;107
1959;Bordeaux;1982;3;11.1;16.2;6.9;64;123
1960;Bordeaux;1982;4;13.7;20.0;9.5;76;177
1961;Bordeaux;1982;5;18.8;24.6;13.9;79;210
1962;Bordeaux;1982;6;20.8;26.7;16.7;72;190
1963;Bordeaux;1982;7;21.6;26.5;16.2;47;271
1964;Bordeaux;1982;8;22.1;26.9;16.8;68;200
1965;Bordeaux;1982;9;20.4;26.0;15.4;62;216
1966;Bordeaux;1982;10;14.7;19.4;10.1;63;120
1967;Bordeaux;1982;11;10.0;14.7;5.0;98;89
1968;Bordeaux;1982;12;8.6;13.5;4.5;86;73
1969;Marseille;1982;1;9.1;14.0;3.2;64;164
1970;Marseille;1982;2;9.6;15.9;5.0;31;171
1971;Marseille;1982;3;12.3;16.8;7.1;41;239
1972;Marseille;1982;4;15.4;21.8;10.4;41;192
1973;Marseille;1982;5;20.0;25.8;15.6;31;276
1974;Marseille;1982;6;23.4;29.1;17.6;16;364
1975;Marseille;1982;7;27.7;33.3;22.0;8;303
1976;Marseille;1982;8;26.1;32.5;21.0;12;337
1977;Marseille;1982;9;22.1;26.7;17.4;48;240
1978;Marseille;1982;10;18.5;24.2;13.4;66;147
1979;Marseille;1982;11;12.5;17.1;8.4;57;153
1980;Marseille;1982;12;10.5;15.1;4.6;45;153
1981;Lille;1983;1;3.4;9.2;-2.5;53;56
1982;Lille;1983;2;5.2;10.7;-0.5;41;66
1983;Lille;1983;3;8.7;14.8;4.6;45;122
1984;Lille;1983;4;11.4;17.1;6.2;55;130
1985;Lille;1983;5;15.2;21.4;10.7;54;212
1986;Lille;1983;6;18.6;23.2;12.8;43;156
1987;Lille;1983;7;18.3;22.8;12.7;53;202
1988;Lille;1983;8;21.6;27.3;15.7;48;154
1989;Lille;1983;9;15.8;21.6;11.5;50;130
1990;Lille;1983;10;12.6;18.5;7.8;64;90
1991;Lille;1983;11;7.2;12.6;1.5;58;49
1992;Lille;1983;12;4.0;8.9;-0.0;64;38
1993;Paris;1983;1;5.3;11.7;-0.6;39;61
1994;Paris;1983;2;5.4;11.7;0.7;43;88
1995;Paris;1983;3;9.0;13.8;3.2;36;134
1996;Paris;1983;4;11.2;16.7;5.4;66;143
1997;Paris;1983;5;16.3;21.7;12.1;54;230
1998;Paris;1983;6;19.7;25.9;15.5;70;194
1999;Paris;1983;7;20.5;26.2;16.2;80;233
2000;Paris;1983;8;22.4;27.1;17.9;46;223
2001;Paris;1983;9;17.2;23.2;12.3;67;188
2002;Paris;1983;10;14.5;20.5;9.5;49;105
2003;Paris;1983;11;8.5;14.1;4.1;60;51
2004;Paris;1983;12;5.8;11.6;0.1;64;43
2005;Nantes;1983;1;4.4;10.7;0.1;60;70
2006;Nantes;1983;2;7.7;12.4;2.7;69;93
2007;Nantes;1983;3;10.5;15.3;4.6;65;150
2008;Nantes;1983;4;13.0;17.5;8.3;61;172
2009;Nantes;1983;5;15.9;22.2;10.2;47;220
2010;Nantes;1983;6;18.6;23.3;14.1;35;169
2011;Nantes;1983;7;22.5;27.9;16.6;51;249
2012;Nantes;1983;8;21.4;27.4;16.0;46;204
2013;Nantes;1983;9;17.7;23.6;11.9;76;134
2014;Nantes;1983;10;14.3;20.0;9.6;102;101
2015;Nantes;1983;11;8.4;13.3;4.2;104;74
2016;Nantes;1983;12;7.2;12.6;1.8;73;58
2017;Bordeaux;1983;1;7.4;12.1;2.1;78;66
2018;Bordeaux;1983;2;7.7;13.4;3.5;67;101
2019;Bordeaux;1983;3;11.0;16.1;6.2;73;139
2020;Bordeaux;1983;4;13.7;18.4;8.6;60;188
2021;Bordeaux;1983;5;17.1;22.4;12.7;64;238
2022;Bordeaux;1983;6;21.3;26.1;17.1;68;258
2023;Bordeaux;1983;7;22.6;28.7;18.1;38;257
2024;Bordeaux;1983;8;22.3;28.6;16.6;52;203
2025;Bordeaux;1983;9;19.6;26.0;14.9;69;149
2026;Bordeaux;1983;10;15.0;20.5;10.3;88;136
2027;Bordeaux;1983;11;9.9;16.1;4.1;104;75
2028;Bordeaux;1983;12;8.5;13.6;4.2;107;78
2029;Marseille;1983;1;8.3;14.6;3.7;37;131
2030;Marseille;1983;2;9.1;14.1;3.6;39;144
2031;Marseille;1983;3;13.1;18.1;7.6;46;207
2032;Marseille;1983;4;15.6;21.4;10.3;33;266
2033;Marseille;1983;5;19.8;24.4;14.4;29;266
2034;Marseille;1983;6;23.7;29.6;18.5;16;328
2035;Marseille;1983;7;26.4;31.9;20.7;8;315
2036;Marseille;1983;8;26.8;32.0;22.4;16;299
2037;Marseille;1983;9;22.3;28.5;17.2;50;246
2038;Marseille;1983;10;17.9;23.1;13.5;55;199
2039;Marseille;1983;11;12.5;18.5;8.5;57;133
2040;Marseille;1983;12;7.6;13.6;3.1;52;137
2041;Lille;1984;1;5.7;11.8;0.8;68;42
2042;Lille;1984;2;6.5;11.4;1.0;30;77
2043;Lille;1984;3;6.8;12.7;2.1;55;105
2044;Lille;1984;4;11.3;15.9;7.0;46;177
2045;Lille;1984;5;15.0;21.2;10.3;58;204
2046;Lille;1984;6;16.5;22.6;12.4;59;154
2047;Lille;1984;7;20.8;27.3;15.6;71;185
2048;Lille;1984;8;20.5;25.9;15.3;68;162
2049;Lille;1984;9;16.7;21.7;12.6;47;151
2050;Lille;1984;10;11.8;17.2;7.2;67;102
2051;Lille;1984;11;8.5;14.7;3.6;58;54
2052;Lille;1984;12;5.6;10.5;1.0;49;47
2053;Paris;1984;1;5.4;10.6;0.5;57;56
2054;Paris;1984;2;6.0;11.4;1.9;53;73
2055;Paris;1984;3;10.7;16.1;6.7;53;151
2056;Paris;1984;4;13.0;17.9;8.0;65;142
2057;Paris;1984;5;16.6;22.7;11.9;67;212
2058;Paris;1984;6;18.8;24.0;13.7;51;175
2059;Paris;1984;7;21.9;26.5;17.2;44;218
2060;Paris;1984;8;20.6;25.9;16.1;69;204
2061;Paris;1984;9;17.6;22.6;12.3;56;191
2062;Paris;1984;10;14.1;19.3;8.3;55;102
2063;Paris;1984;11;9.2;14.9;3.6;49;59
2064;Paris;1984;12;5.1;11.4;-0.7;45;58
2065;Nantes;1984;1;6.1;11.3;1.3;96;91
2066;Nantes;1984;2;6.4;12.1;2.0;59;104
2067;Nantes;1984;3;9.4;14.5;5.1;67;159
2068;Nantes;1984;4;15.2;20.5;10.9;40;191
2069;Nantes;1984;5;15.8;21.1;11.6;64;171
2070;Nantes;1984;6;19.6;24.9;14.6;54;211
2071;Nantes;1984;7;21.7;27.2;16.0;28;250
2072;Nantes;1984;8;21.2;27.6;15.3;48;252
2073;Nantes;1984;9;17.5;22.4;12.1;62;194
2074;Nantes;1984;10;14.3;19.3;10.3;101;113
2075;Nantes;1984;11;8.8;13.9;3.0;63;73
2076;Nantes;1984;12;6.9;13.2;1.8;104;57
2077;Bordeaux;1984;1;7.4;12.2;1.9;97;88
2078;Bordeaux;1984;2;9.5;15.8;5.4;81;95
2079;Bordeaux;1984;3;11.8;17.4;6.8;77;159
2080;Bordeaux;1984;4;13.9;19.2;8.4;49;199
2081;Bordeaux;1984;5;17.3;22.4;12.6;86;232
2082;Bordeaux;1984;6;20.9;26.0;15.6;42;229
2083;Bordeaux;1984;7;22.5;27.4;16.9;38;312
2084;Bordeaux;1984;8;22.4;27.1;16.7;57;226
2085;Bordeaux;1984;9;19.1;25.4;14.4;82;199
2086;Bordeaux;1984;10;15.1;19.8;9.7;83;109
2087;Bordeaux;1984;11;10.3;15.7;5.1;64;86
2088;Bordeaux;1984;12;7.6;12.8;2.8;99;70
2089;Marseille;1984;1;9.2;15.1;5.2;38;167
2090;Marseille;1984;2;8.8;14.3;3.2;43;140
2091;Marseille;1984;3;14.0;18.5;9.1;29;201
2092;Marseille;1984;4;14.1;19.0;9.7;40;211
2093;Marseille;1984;5;18.7;24.3;14.2;37;247
2094;Marseille;1984;6;24.4;29.2;19.4;23;280
2095;Marseille;1984;7;24.7;30.6;20.2;4;350
2096;Marseille;1984;8;25.9;31.8;21.7;19;279
2097;Marseille;1984;9;22.2;28.1;17.5;39;275
2098;Marseille;1984;10;18.2;24.7;12.4;89;209
2099;Marseille;1984;11;11.8;18.1;6.1;83;118
2100;Marseille;1984;12;9.2;15.2;5.0;67;116
2101;Lille;1985;1;1.1;6.7;-4.9;60;58
2102;Lille;1985;2;4.3;9.2;-1.2;46;78
2103;Lille;1985;3;7.4;13.8;2.8;46;128
2104;Lille;1985;4;11.0;17.4;6.0;45;174
2105;Lille;1985;5;14.2;19.1;8.2;39;197
2106;Lille;1985;6;18.2;24.6;14.1;50;171
2107;Lille;1985;7;20.6;26.7;16.4;60;175
2108;Lille;1985;8;20.4;26.2;14.6;49;203
2109;Lille;1985;9;16.3;22.6;11.0;57;150
2110;Lille;1985;10;11.6;17.3;5.7;68;71
2111;Lille;1985;11;9.2;15.4;3.9;70;52
2112;Lille;1985;12;4.8;9.5;-0.1;58;33
2113;Paris;1985;1;4.9;10.5;-0.2;53;61
2114;Paris;1985;2;6.3;11.9;1.7;53;77
2115;Paris;1985;3;8.3;14.0;2.5;55;123
2116;Paris;1985;4;12.7;18.0;8.3;42;131
2117;Paris;1985;5;15.6;21.8;10.9;73;162
2118;Paris;1985;6;19.9;24.8;14.3;60;199
2119;Paris;1985;7;23.0;28.7;18.7;49;235
2120;Paris;1985;8;21.0;27.4;16.3;55;231
2121;Paris;1985;9;16.5;21.3;10.6;63;162
2122;Paris;1985;10;14.3;20.7;9.5;56;107
2123;Paris;1985;11;8.2;13.9;4.0;58;73
2124;Paris;1985;12;5.9;11.3;1.5;50;44
2125;Nantes;1985;1;7.5;12.5;2.0;62;65
2126;Nantes;1985;2;6.3;11.5;0.9;77;102
2127;Nantes;1985;3;10.5;16.5;4.6;80;130
2128;Nantes;1985;4;12.7;18.0;7.3;66;173
2129;Nantes;1985;5;16.1;22.6;10.2;65;162
2130;Nantes;1985;6;18.5;24.6;14.2;48;250
2131;Nantes;1985;7;20.9;26.7;15.8;46;256
2132;Nantes;1985;8;21.0;26.1;15.6;37;259
2133;Nantes;1985;9;17.1;23.5;12.7;43;173
2134;Nantes;1985;10;13.3;19.6;7.7;74;119
2135;Nantes;1985;11;10.4;16.5;4.9;79;73
2136;Nantes;1985;12;7.0;11.9;2.6;96;77
2137;Bordeaux;1985;1;6.8;13.0;1.2;74;90
2138;Bordeaux;1985;2;8.7;13.5;3.3;59;103
2139;Bordeaux;1985;3;11.1;17.4;5.2;51;135
2140;Bordeaux;1985;4;14.6;20.6;10.3;77;154
2141;Bordeaux;1985;5;17.1;21.9;11.1;88;214
2142;Bordeaux;1985;6;20.2;26.5;15.8;68;262
2143;Bordeaux;1985;7;24.0;29.8;18.9;40;230
2144;Bordeaux;1985;8;22.6;27.9;18.0;39;283
2145;Bordeaux;1985;9;19.8;24.3;14.6;64;213
2146;Bordeaux;1985;10;15.3;20.0;9.8;75;144
2147;Bordeaux;1985;11;10.6;16.9;6.1;85;98
2148;Bordeaux;1985;12;7.4;13.8;2.5;81;67
2149;Marseille;1985;1;9.0;14.1;4.8;51;126
2150;Marseille;1985;2;10.5;15.9;5.7;30;146
2151;Marseille;1985;3;12.3;17.5;6.6;37;248
2152;Marseille;1985;4;14.9;21.1;9.0;38;248
2153;Marseille;1985;5;19.2;25.1;14.9;36;248
2154;Marseille;1985;6;24.3;29.6;18.9;15;313
2155;Marseille;1985;7;25.9;32.2;20.3;5;401
2156;Marseille;1985;8;27.1;31.9;21.1;13;382
2157;Marseille;1985;9;21.8;26.4;17.1;37;273
2158;Marseille;1985;10;19.2;25.1;14.6;86;142
2159;Marseille;1985;11;12.6;17.6;7.2;78;119
2160;Marseille;1985;12;9.4;14.6;4.5;54;115
2161;Lille;1986;1;3.8;10.3;-1.7;56;52
2162;Lille;1986;2;5.4;11.5;0.5;54;79
2163;Lille;1986;3;7.8;13.0;2.8;45;122
2164;Lille;1986;4;11.2;17.6;6.1;42;142
2165;Lille;1986;5;15.5;21.4;10.4;44;195
2166;Lille;1986;6;18.2;24.3;12.4;39;185
2167;Lille;1986;7;20.8;25.6;15.4;89;165
2168;Lille;1986;8;19.4;25.5;14.6;51;164
2169;Lille;1986;9;16.6;22.7;12.1;53;152
2170;Lille;1986;10;12.6;17.6;6.8;47;80
2171;Lille;1986;11;8.7;14.3;3.9;53;42
2172;Lille;1986;12;4.9;9.5;-0.2;76;37
2173;Paris;1986;1;5.3;11.0;-0.5;59;72
2174;Paris;1986;2;6.5;12.1;2.4;35;82
2175;Paris;1986;3;8.4;14.3;2.7;42;124
2176;Paris;1986;4;14.5;19.6;9.7;60;168
2177;Paris;1986;5;16.1;21.0;10.9;68;185
2178;Paris;1986;6;17.2;23.2;12.7;58;243
2179;Paris;1986;7;21.2;27.0;16.2;51;227
2180;Paris;1986;8;21.6;27.3;16.7;50;211
2181;Paris;1986;9;19.1;24.9;14.5;58;147
2182;Paris;1986;10;12.0;17.1;7.8;46;105
2183;Paris;1986;11;8.8;14.4;4.3;52;57
2184;Paris;1986;12;6.3;12.3;2.2;73;47
2185;Nantes;1986;1;6.7;11.9;1.5;104;65
2186;Nantes;1986;2;7.0;11.9;2.5;53;84
2187;Nantes;1986;3;9.3;15.8;4.4;53;137
2188;Nantes;1986;4;13.5;18.3;8.3;45;186
2189;Nantes;1986;5;15.9;22.4;10.8;40;187
2190;Nantes;1986;6;19.0;25.4;13.2;52;208
2191;Nantes;1986;7;21.1;27.4;15.8;38;247
2192;Nantes;1986;8;20.8;26.3;16.5;40;242
2193;Nantes;1986;9;17.6;22.6;12.4;66;164
2194;Nantes;1986;10;13.8;18.9;8.7;61;89
2195;Nantes;1986;11;10.1;14.8;5.4;65;62
2196;Nantes;1986;12;8.5;13.1;2.6;108;65
2197;Bordeaux;1986;1;7.7;13.3;2.1;73;73
2198;Bordeaux;1986;2;9.4;15.8;3.5;83;84
2199;Bordeaux;1986;3;11.4;17.5;7.2;79;173
2200;Bordeaux;1986;4;14.2;20.5;8.7;86;162
2201;Bordeaux;1986;5;17.7;22.5;11.8;61;167
2202;Bordeaux;1986;6;20.2;25.0;15.1;64;237
2203;Bordeaux;1986;7;23.5;28.2;18.1;49;284
2204;Bordeaux;1986;8;21.7;26.7;16.9;56;236
2205;Bordeaux;1986;9;20.2;25.8;15.0;65;214
2206;Bordeaux;1986;10;14.3;20.0;10.3;81;112
2207;Bordeaux;1986;11;8.9;14.4;4.7;89;89
2208;Bordeaux;1986;12;8.1;14.1;3.9;75;72
2209;Marseille;1986;1;8.4;14.5;2.5;53;173
2210;Marseille;1986;2;11.0;17.4;5.3;29;186
2211;Marseille;1986;3;12.6;18.8;7.4;46;167
2212;Marseille;1986;4;16.0;20.6;11.3;30;213
2213;Marseille;1986;5;18.3;23.5;12.4;33;269
2214;Marseille;1986;6;24.9;31.1;20.6;16;351
2215;Marseille;1986;7;26.8;32.3;22.4;4;377
2216;Marseille;1986;8;26.1;31.4;20.9;13;316
2217;Marseille;1986;9;22.0;26.8;17.2;39;203
2218;Marseille;1986;10;16.9;22.0;11.6;78;151
2219;Marseille;1986;11;12.9;19.2;7.6;75;129
2220;Marseille;1986;12;10.2;15.8;5.9;48;119
2221;Lille;1987;1;4.6;10.3;-1.2;69;48
2222;Lille;1987;2;4.6;9.9;-0.4;48;68
2223;Lille;1987;3;7.7;14.1;3.4;36;124
2224;Lille;1987;4;9.5;14.1;4.5;42;178
2225;Lille;1987;5;14.7;20.3;10.3;37;171
2226;Lille;1987;6;17.3;23.4;12.7;54;161
2227;Lille;1987;7;20.8;25.6;15.0;71;204
2228;Lille;1987;8;20.2;26.0;15.8;59;180
2229;Lille;1987;9;16.4;21.3;12.1;50;136
2230;Lille;1987;10;11.5;17.3;7.1;73;101
2231;Lille;1987;11;8.1;12.8;2.2;66;59
2232;Lille;1987;12;4.0;10.1;-0.1;76;35
2233;Paris;1987;1;4.3;10.3;0.3;40;71
2234;Paris;1987;2;5.7;11.7;0.4;32;75
2235;Paris;1987;3;9.3;15.4;4.7;37;125
2236;Paris;1987;4;12.9;19.4;8.0;59;185
2237;Paris;1987;5;16.0;22.5;11.8;73;201
2238;Paris;1987;6;19.7;25.4;15.4;42;192
2239;Paris;1987;7;19.7;25.0;15.6;53;226
2240;Paris;1987;8;21.6;27.0;16.2;49;220
2241;Paris;1987;9;18.1;23.6;13.9;60;130
2242;Paris;1987;10;13.6;18.2;9.1;64;128
2243;Paris;1987;11;7.9;13.0;2.5;38;55
2244;Paris;1987;12;5.5;10.6;0.8;48;49
2245;Nantes;1987;1;6.3;12.4;1.4;93;88
2246;Nantes;1987;2;7.4;13.6;1.5;66;100
2247;Nantes;1987;3;11.4;17.6;5.7;69;126
2248;Nantes;1987;4;12.3;18.0;7.6;70;139
2249;Nantes;1987;5;15.3;21.8;9.7;51;178
2250;Nantes;1987;6;18.3;23.1;13.3;49;177
2251;Nantes;1987;7;21.1;26.1;15.6;29;231
2252;Nantes;1987;8;21.5;27.4;17.1;50;216
2253;Nantes;1987;9;17.1;22.9;12.4;58;171
2254;Nantes;1987;10;14.3;20.0;10.2;64;107
2255;Nantes;1987;11;9.2;15.4;3.4;69;88
2256;Nantes;1987;12;7.0;12.3;2.7;69;57
2257;Bordeaux;1987;1;7.4;13.8;1.8;100;71
2258;Bordeaux;1987;2;8.4;14.3;3.3;68;92
2259;Bordeaux;1987;3;10.3;15.1;4.5;67;174
2260;Bordeaux;1987;4;13.6;19.3;8.6;49;184
2261;Bordeaux;1987;5;17.5;22.0;11.6;75;246
2262;Bordeaux;1987;6;20.2;26.3;15.2;61;204
2263;Bordeaux;1987;7;23.9;29.1;19.4;38;299
2264;Bordeaux;1987;8;22.9;28.9;17.2;42;225
2265;Bordeaux;1987;9;19.3;24.2;13.6;83;176
2266;Bordeaux;1987;10;14.4;19.2;9.6;94;107
2267;Bordeaux;1987;11;8.2;14.5;3.8;107;84
2268;Bordeaux;1987;12;7.4;13.9;2.3;96;77
2269;Marseille;1987;1;8.8;15.1;4.5;48;174
2270;Marseille;1987;2;9.0;14.2;3.9;39;129
2271;Marseille;1987;3;12.6;18.6;8.4;35;238
2272;Marseille;1987;4;14.9;19.9;10.4;31;207
2273;Marseille;1987;5;20.5;26.2;15.1;23;282
2274;Marseille;1987;6;24.8;29.7;20.0;23;369
2275;Marseille;1987;7;27.8;33.7;22.6;7;438
2276;Marseille;1987;8;26.6;31.3;22.1;12;296
2277;Marseille;1987;9;23.0;28.5;17.5;62;247
2278;Marseille;1987;10;18.3;23.6;12.9;63;167
2279;Marseille;1987;11;12.5;17.1;8.0;70;118
2280;Marseille;1987;12;9.9;14.4;5.6;54;127
2281;Lille;1988;1;3.8;8.4;-1.9;43;42
2282;Lille;1988;2;5.0;10.4;0.4;40;76
2283;Lille;1988;3;8.9;14.3;3.4;56;120
2284;Lille;1988;4;11.1;16.0;6.2;44;175
2285;Lille;1988;5;15.3;20.1;9.8;55;149
2286;Lille;1988;6;18.5;23.3;12.5;62;177
2287;Lille;1988;7;21.2;27.1;15.3;59;202
2288;Lille;1988;8;20.4;26.1;14.8;61;204
2289;Lille;1988;9;16.3;21.9;10.4;61;130
2290;Lille;1988;10;11.8;17.5;6.7;61;86
2291;Lille;1988;11;7.3;12.3;1.7;69;57
2292;Lille;1988;12;4.3;10.3;-0.8;50;32
2293;Paris;1988;1;5.5;11.0;1.2;51;55
2294;Paris;1988;2;6.3;12.0;1.2;52;85
2295;Paris;1988;3;9.1;13.7;4.0;39;128
2296;Paris;1988;4;13.4;18.8;7.4;41;136
2297;Paris;1988;5;16.6;21.8;12.3;52;168
2298;Paris;1988;6;20.4;26.3;16.3;41;239
2299;Paris;1988;7;22.2;27.3;17.4;79;259
2300;Paris;1988;8;21.8;27.5;16.0;65;247
2301;Paris;1988;9;17.7;22.8;13.0;44;183
2302;Paris;1988;10;14.6;20.6;9.7;70;120
2303;Paris;1988;11;8.2;13.0;2.3;44;73
2304;Paris;1988;12;5.7;12.0;-0.2;51;41
2305;Nantes;1988;1;7.3;13.7;2.4;74;64
2306;Nantes;1988;2;6.8;11.4;2.7;87;77
2307;Nantes;1988;3;10.7;15.3;6.3;49;167
2308;Nantes;1988;4;12.1;17.9;6.4;47;159
2309;Nantes;1988;5;16.4;21.7;12.2;60;164
2310;Nantes;1988;6;18.7;24.4;14.5;36;225
2311;Nantes;1988;7;22.0;27.4;17.1;38;241
2312;Nantes;1988;8;20.9;26.5;16.0;45;190
2313;Nantes;1988;9;17.9;24.3;12.7;53;184
2314;Nantes;1988;10;14.2;19.5;9.8;66;101
2315;Nantes;1988;11;9.5;15.1;5.4;85;60
2316;Nantes;1988;12;8.6;13.3;3.5;97;75
2317;Bordeaux;1988;1;7.6;12.8;3.3;92;84
2318;Bordeaux;1988;2;9.9;14.7;5.1;51;96
2319;Bordeaux;1988;3;11.0;16.9;5.2;81;161
2320;Bordeaux;1988;4;15.0;19.6;9.6;66;164
2321;Bordeaux;1988;5;17.0;22.2;11.4;60;235
2322;Bordeaux;1988;6;21.0;26.1;16.8;50;225
2323;Bordeaux;1988;7;23.9;30.0;18.9;42;310
2324;Bordeaux;1988;8;23.0;29.0;17.7;51;262
2325;Bordeaux;1988;9;19.4;24.3;13.4;61;184
2326;Bordeaux;1988;10;14.1;19.2;9.5;103;113
2327;Bordeaux;1988;11;10.9;17.0;5.6;71;77
2328;Bordeaux;1988;12;7.1;12.2;2.7;100;59
2329;Marseille;1988;1;10.1;15.0;5.9;37;150
2330;Marseille;1988;2;9.8;16.2;4.1;34;155
2331;Marseille;1988;3;12.8;19.2;6.9;41;187
2332;Marseille;1988;4;16.2;22.3;10.6;32;207
2333;Marseille;1988;5;19.6;24.4;14.1;30;330
2334;Marseille;1988;6;23.6;28.3;17.9;15;310
2335;Marseille;1988;7;26.8;31.4;22.5;7;300
2336;Marseille;1988;8;27.2;32.2;21.9;19;328
2337;Marseille;1988;9;23.9;28.9;19.3;53;252
2338;Marseille;1988;10;17.5;23.8;13.2;51;198
2339;Marseille;1988;11;12.6;18.6;8.4;75;122
2340;Marseille;1988;12;9.1;13.7;3.7;55;130
2341;Lille;1989;1;4.6;10.1;-0.4;61;51
2342;Lille;1989;2;4.5;10.4;0.2;45;77
2343;Lille;1989;3;9.0;14.2;3.5;57;102
2344;Lille;1989;4;11.6;17.9;7.3;46;136
2345;Lille;1989;5;15.4;21.3;11.0;67;144
2346;Lille;1989;6;18.9;24.4;14.7;67;175
2347;Lille;1989;7;20.3;25.0;16.2;68;213
2348;Lille;1989;8;19.4;24.4;13.6;74;210
2349;Lille;1989;9;15.1;20.5;9.3;68;144
2350;Lille;1989;10;11.8;17.9;6.7;59;76
2351;Lille;1989;11;8.6;14.9;3.2;72;58
2352;Lille;1989;12;5.0;11.5;0.5;44;35
2353;Paris;1989;1;6.6;12.6;2.1;59;53
2354;Paris;1989;2;5.4;11.1;-0.1;46;88
2355;Paris;1989;3;9.5;15.9;5.3;50;127
2356;Paris;1989;4;12.7;17.7;7.5;58;153
2357;Paris;1989;5;16.1;22.0;11.7;63;227
2358;Paris;1989;6;19.5;25.6;13.5;42;225
2359;Paris;1989;7;21.8;26.8;16.2;60;257
2360;Paris;1989;8;21.5;27.0;15.7;41;231
2361;Paris;1989;9;19.0;25.0;13.8;65;194
2362;Paris;1989;10;13.8;19.0;7.8;74;102
2363;Paris;1989;11;9.6;14.9;5.4;63;71
2364;Paris;1989;12;6.5;12.3;2.2;59;50
2365;Nantes;1989;1;7.3;13.7;1.7;99;88
2366;Nantes;1989;2;7.0;12.8;2.5;48;77
2367;Nantes;1989;3;10.1;15.6;6.0;79;137
2368;Nantes;1989;4;12.7;18.7;7.5;49;175
2369;Nantes;1989;5;15.5;21.7;9.7;65;235
2370;Nantes;1989;6;18.1;23.6;12.1;44;176
2371;Nantes;1989;7;21.7;28.1;17.1;35;191
2372;Nantes;1989;8;22.0;28.0;16.4;46;196
2373;Nantes;1989;9;17.8;23.6;12.2;76;186
2374;Nantes;1989;10;13.6;19.1;8.7;97;131
2375;Nantes;1989;11;10.6;15.9;6.0;74;72
2376;Nantes;1989;12;8.9;14.4;4.5;100;59
2377;Bordeaux;1989;1;7.7;13.2;2.4;90;88
2378;Bordeaux;1989;2;9.0;13.6;3.4;76;96
2379;Bordeaux;1989;3;11.7;18.0;7.1;53;155
2380;Bordeaux;1989;4;14.6;20.9;10.4;67;176
2381;Bordeaux;1989;5;17.2;22.0;12.0;53;208
2382;Bordeaux;1989;6;21.4;26.0;15.8;41;242
2383;Bordeaux;1989;7;24.0;29.4;19.7;40;235
2384;Bordeaux;1989;8;22.8;28.0;17.3;41;226
2385;Bordeaux;1989;9;18.0;23.9;12.7;75;159
2386;Bordeaux;1989;10;15.1;21.3;9.2;70;131
2387;Bordeaux;1989;11;10.8;15.7;5.8;97;75
2388;Bordeaux;1989;12;8.3;13.5;3.6;75;68
2389;Marseille;1989;1;9.6;15.4;4.3;59;139
2390;Marseille;1989;2;10.2;16.4;6.0;32;173
2391;Marseille;1989;3;14.1;19.1;9.1;33;229
2392;Marseille;1989;4;16.4;21.7;11.6;36;264
2393;Marseille;1989;5;19.8;24.4;14.1;24;288
2394;Marseille;1989;6;24.0;28.8;18.7;20;275
2395;Marseille;1989;7;27.5;32.6;22.0;6;374
2396;Marseille;1989;8;26.1;32.1;21.2;16;323
2397;Marseille;1989;9;24.6;30.2;19.5;36;285
2398;Marseille;1989;10;19.0;24.7;13.6;86;167
2399;Marseille;1989;11;12.1;18.5;6.2;68;156
2400;Marseille;1989;12;8.6;14.5;2.9;51;134
2401;Lille;1990;1;4.3;9.1;-1.0;64;57
2402;Lille;1990;2;5.2;10.0;0.9;36;70
2403;Lille;1990;3;7.8;12.8;3.8;40;96
2404;Lille;1990;4;10.9;16.7;6.5;49;169
2405;Lille;1990;5;15.4;20.1;10.1;59;183
2406;Lille;1990;6;18.2;24.0;13.0;66;181
2407;Lille;1990;7;20.9;27.0;16.3;65;192
2408;Lille;1990;8;19.4;24.5;13.5;58;199
2409;Lille;1990;9;17.4;22.9;12.2;58;154
2410;Lille;1990;10;13.7;20.2;8.9;52;91
2411;Lille;1990;11;6.6;12.0;0.6;65;60
2412;Lille;1990;12;5.5;10.6;0.5;75;36
2413;Paris;1990;1;6.4;11.9;1.5;49;54
2414;Paris;1990;2;5.5;11.5;-0.3;40;74
2415;Paris;1990;3;9.7;15.6;4.7;48;141
2416;Paris;1990;4;13.3;18.2;7.6;55;171
2417;Paris;1990;5;16.9;22.3;12.3;48;195
2418;Paris;1990;6;19.3;25.7;14.0;38;247
2419;Paris;1990;7;22.1;27.5;17.5;63;194
2420;Paris;1990;8;21.4;27.9;16.3;55;194
2421;Paris;1990;9;18.3;24.4;12.6;51;146
2422;Paris;1990;10;14.5;20.5;9.9;64;101
2423;Paris;1990;11;8.3;12.8;2.9;49;64
2424;Paris;1990;12;6.2;12.4;0.6;72;52
2425;Nantes;1990;1;7.4;12.3;2.4;95;78
2426;Nantes;1990;2;6.9;11.8;2.4;73;80
2427;Nantes;1990;3;9.1;13.8;4.7;45;118
2428;Nantes;1990;4;14.0;20.4;9.8;39;144
2429;Nantes;1990;5;16.3;22.8;11.9;56;234
2430;Nantes;1990;6;17.7;22.4;13.1;40;214
2431;Nantes;1990;7;21.9;26.8;17.0;46;216
2432;Nantes;1990;8;22.4;28.6;17.5;34;231
2433;Nantes;1990;9;18.4;24.7;13.8;67;160
2434;Nantes;1990;10;13.4;19.7;8.9;99;114
2435;Nantes;1990;11;10.5;16.2;5.6;91;76
2436;Nantes;1990;12;8.0;13.1;2.7;107;57
2437;Bordeaux;1990;1;7.3;12.0;2.3;75;73
2438;Bordeaux;1990;2;8.4;13.4;4.4;88;83
2439;Bordeaux;1990;3;11.4;17.0;6.2;71;149
2440;Bordeaux;1990;4;14.7;20.7;10.6;48;170
2441;Bordeaux;1990;5;17.8;24.0;13.1;78;218
2442;Bordeaux;1990;6;20.9;27.2;15.9;45;242
2443;Bordeaux;1990;7;23.1;29.5;18.8;43;300
2444;Bordeaux;1990;8;22.7;27.6;17.4;69;250
2445;Bordeaux;1990;9;21.7;27.3;16.3;67;203
2446;Bordeaux;1990;10;15.8;21.9;10.0;70;120
2447;Bordeaux;1990;11;10.0;15.9;4.2;63;88
2448;Bordeaux;1990;12;7.6;13.5;2.6;77;60
2449;Marseille;1990;1;9.9;14.6;5.5;51;149
2450;Marseille;1990;2;10.3;15.4;6.2;29;159
2451;Marseille;1990;3;13.1;19.5;7.8;37;224
2452;Marseille;1990;4;16.0;21.0;11.2;39;214
2453;Marseille;1990;5;18.9;23.7;14.3;21;268
2454;Marseille;1990;6;24.3;29.5;18.7;15;312
2455;Marseille;1990;7;27.4;32.0;22.8;6;418
2456;Marseille;1990;8;25.6;31.7;20.0;13;352
2457;Marseille;1990;9;21.8;27.6;15.9;58;284
2458;Marseille;1990;10;18.5;24.4;12.7;75;162
2459;Marseille;1990;11;11.4;17.0;5.5;57;154
2460;Marseille;1990;12;10.8;15.8;5.7;72;120
2461;Lille;1991;1;3.6;9.6;-1.0;40;57
2462;Lille;1991;2;5.1;11.4;-0.5;54;71
2463;Lille;1991;3;7.7;13.5;3.6;50;113
2464;Lille;1991;4;10.0;16.2;4.7;56;122
2465;Lille;1991;5;14.6;19.7;9.9;57;176
2466;Lille;1991;6;19.4;24.9;14.9;46;166
2467;Lille;1991;7;19.4;24.0;15.2;67;149
2468;Lille;1991;8;20.4;25.2;14.5;47;204
2469;Lille;1991;9;16.6;22.9;12.1;58;116
2470;Lille;1991;10;12.6;17.7;7.0;74;85
2471;Lille;1991;11;7.6;13.3;2.0;73;50
2472;Lille;1991;12;5.1;9.8;-0.4;50;34
2473;Paris;1991;1;6.0;10.6;0.2;61;61
2474;Paris;1991;2;8.0;14.4;2.1;55;91
2475;Paris;1991;3;10.1;16.4;5.7;43;130
2476;Paris;1991;4;13.0;18.2;7.8;48;178
2477;Paris;1991;5;15.6;20.7;9.8;72;168
2478;Paris;1991;6;19.6;25.0;15.3;69;168
2479;Paris;1991;7;21.8;27.3;16.4;50;209
2480;Paris;1991;8;22.0;27.6;17.3;44;247
2481;Paris;1991;9;18.1;23.0;13.3;62;160
2482;Paris;1991;10;13.0;18.6;8.9;58;95
2483;Paris;1991;11;8.1;14.6;3.6;58;59
2484;Paris;1991;12;6.6;12.0;2.3;44;46
2485;Nantes;1991;1;6.8;12.8;1.9;71;65
2486;Nantes;1991;2;7.6;13.1;2.8;48;74
2487;Nantes;1991;3;9.0;14.4;4.5;59;131
2488;Nantes;1991;4;12.5;17.2;8.1;58;143
2489;Nantes;1991;5;16.1;20.9;11.5;46;180
2490;Nantes;1991;6;19.4;24.6;14.0;38;224
2491;Nantes;1991;7;21.0;26.4;16.8;36;210
2492;Nantes;1991;8;21.6;27.9;16.6;33;191
2493;Nantes;1991;9;18.7;23.7;14.7;78;152
2494;Nantes;1991;10;14.0;19.8;9.4;70;90
2495;Nantes;1991;11;9.6;15.9;5.6;70;81
2496;Nantes;1991;12;7.7;12.8;2.4;67;64
2497;Bordeaux;1991;1;8.4;13.4;4.4;69;75
2498;Bordeaux;1991;2;7.3;12.9;2.7;54;79
2499;Bordeaux;1991;3;10.6;17.0;5.3;64;125
2500;Bordeaux;1991;4;14.0;20.2;8.9;55;162
2501;Bordeaux;1991;5;16.9;21.6;11.2;90;248
2502;Bordeaux;1991;6;20.7;26.6;15.0;65;266
2503;Bordeaux;1991;7;24.3;30.7;20.3;38;299
2504;Bordeaux;1991;8;23.1;28.1;19.0;60;200
2505;Bordeaux;1991;9;19.3;25.5;15.3;55;222
2506;Bordeaux;1991;10;15.0;20.0;10.7;76;119
2507;Bordeaux;1991;11;9.2;14.2;4.6;104;99
2508;Bordeaux;1991;12;9.6;15.5;5.3;95;64
2509;Marseille;1991;1;8.4;13.3;2.6;53;152
2510;Marseille;1991;2;11.0;15.8;6.7;35;148
2511;Marseille;1991;3;12.6;18.3;8.4;38;215
2512;Marseille;1991;4;17.5;23.9;12.0;49;264
2513;Marseille;1991;5;19.7;25.3;15.0;31;334
2514;Marseille;1991;6;25.0;30.4;20.3;22;340
2515;Marseille;1991;7;26.0;30.8;21.3;5;364
2516;Marseille;1991;8;26.6;31.5;21.2;16;348
2517;Marseille;1991;9;21.2;26.5;16.4;48;265
2518;Marseille;1991;10;17.4;22.4;12.7;81;155
2519;Marseille;1991;11;13.0;19.4;7.7;73;155
2520;Marseille;1991;12;9.7;15.5;5.1;44;149
2521;Lille;1992;1;4.3;10.1;-0.0;41;44
2522;Lille;1992;2;4.6;10.3;0.4;50;64
2523;Lille;1992;3;8.0;14.0;4.0;39;107
2524;Lille;1992;4;11.4;16.0;6.4;53;147
2525;Lille;1992;5;15.0;21.2;10.5;38;192
2526;Lille;1992;6;18.4;23.8;13.2;56;214
2527;Lille;1992;7;21.6;27.6;16.3;81;205
2528;Lille;1992;8;19.6;24.4;15.0;64;153
2529;Lille;1992;9;16.6;22.7;11.3;54;129
2530;Lille;1992;10;12.9;17.6;7.3;67;76
2531;Lille;1992;11;7.3;12.7;1.6;41;55
2532;Lille;1992;12;5.7;11.7;-0.0;53;42
2533;Paris;1992;1;5.4;11.5;0.6;55;50
2534;Paris;1992;2;6.4;11.4;1.5;41;82
2535;Paris;1992;3;9.6;16.0;4.1;39;129
2536;Paris;1992;4;14.0;19.6;8.1;39;170
2537;Paris;1992;5;17.1;22.4;11.3;51;218
2538;Paris;1992;6;18.5;24.6;13.0;67;179
2539;Paris;1992;7;21.4;27.6;16.7;73;222
2540;Paris;1992;8;21.7;27.8;16.4;42;183
2541;Paris;1992;9;19.3;24.9;15.2;68;135
2542;Paris;1992;10;13.8;18.5;9.8;70;106
2543;Paris;1992;11;8.8;14.3;4.5;38;72
2544;Paris;1992;12;6.8;11.6;2.7;69;42
2545;Nantes;1992;1;8.1;14.6;3.6;100;85
2546;Nantes;1992;2;7.4;12.0;2.9;76;89
2547;Nantes;1992;3;9.2;14.8;4.6;80;137
2548;Nantes;1992;4;12.4;17.8;6.8;68;178
2549;Nantes;1992;5;15.2;20.8;9.8;60;213
2550;Nantes;1992;6;18.7;24.2;14.1;50;246
2551;Nantes;1992;7;21.7;26.3;16.0;43;262
2552;Nantes;1992;8;21.8;27.8;16.3;41;184
2553;Nantes;1992;9;17.5;23.1;12.1;57;169
2554;Nantes;1992;10;13.2;19.6;7.5;68;120
2555;Nantes;1992;11;8.4;13.1;4.3;91;72
2556;Nantes;1992;12;7.8;12.4;2.1;102;54
2557;Bordeaux;1992;1;7.4;12.1;2.6;60;69
2558;Bordeaux;1992;2;8.9;14.0;3.7;87;105
2559;Bordeaux;1992;3;12.9;19.3;7.3;59;152
2560;Bordeaux;1992;4;14.0;19.8;9.5;53;171
2561;Bordeaux;1992;5;17.0;22.1;11.3;77;168
2562;Bordeaux;1992;6;22.2;27.9;16.3;73;225
2563;Bordeaux;1992;7;22.2;26.8;16.4;46;298
2564;Bordeaux;1992;8;23.5;29.7;17.6;48;296
2565;Bordeaux;1992;9;20.6;25.6;15.0;66;171
2566;Bordeaux;1992;10;14.4;19.3;8.6;104;148
2567;Bordeaux;1992;11;9.4;14.3;3.5;91;71
2568;Bordeaux;1992;12;7.7;13.5;3.4;79;61
2569;Marseille;1992;1;10.1;15.5;5.9;65;174
2570;Marseille;1992;2;11.0;17.5;6.5;40;144
2571;Marseille;1992;3;13.0;19.0;7.8;41;241
2572;Marseille;1992;4;14.7;20.1;10.2;34;216
2573;Marseille;1992;5;19.2;24.1;14.8;32;290
2574;Marseille;1992;6;22.9;28.1;18.7;15;298
2575;Marseille;1992;7;26.8;31.7;21.7;5;328
2576;Marseille;1992;8;27.5;32.6;22.2;16;372
2577;Marseille;1992;9;22.9;28.0;17.7;59;215
2578;Marseille;1992;10;19.2;24.0;13.3;59;196
2579;Marseille;1992;11;13.3;18.1;8.0;46;130
2580;Marseille;1992;12;9.2;15.3;3.2;59;125
2581;Lille;1993;1;3.9;9.8;-1.6;50;57
2582;Lille;1993;2;5.9;11.8;1.4;42;71
2583;Lille;1993;3;8.0;14.4;3.7;47;91
2584;Lille;1993;4;10.8;16.2;5.0;53;145
2585;Lille;1993;5;15.7;20.2;10.1;41;188
2586;Lille;1993;6;18.6;24.3;14.1;64;157
2587;Lille;1993;7;20.0;26.2;15.9;65;150
2588;Lille;1993;8;19.9;25.4;14.8;46;151
2589;Lille;1993;9;17.0;22.9;12.7;57;143
2590;Lille;1993;10;12.3;18.5;6.4;66;79
2591;Lille;1993;11;8.4;13.9;4.4;63;47
2592;Lille;1993;12;5.1;11.2;0.7;72;34
2593;Paris;1993;1;5.1;10.8;0.1;41;56
2594;Paris;1993;2;5.1;11.0;-0.5;38;89
2595;Paris;1993;3;10.0;16.3;5.5;50;146
2596;Paris;1993;4;14.2;18.9;9.1;56;147
2597;Paris;1993;5;15.8;20.9;10.7;46;234
2598;Paris;1993;6;19.0;24.6;14.8;62;232
2599;Paris;1993;7;22.4;27.1;16.6;73;213
2600;Paris;1993;8;21.2;27.4;16.4;43;225
2601;Paris;1993;9;17.5;22.7;13.0;47;193
2602;Paris;1993;10;13.9;19.8;9.6;62;88
2603;Paris;1993;11;8.1;14.3;4.0;40;74
2604;Paris;1993;12;6.3;12.1;0.4;49;41
2605;Nantes;1993;1;7.5;12.4;2.5;97;64
2606;Nantes;1993;2;7.1;12.6;1.6;51;89
2607;Nantes;1993;3;10.1;15.6;4.2;71;141
2608;Nantes;1993;4;12.2;18.0;7.8;49;152
2609;Nantes;1993;5;16.8;23.2;10.9;58;223
2610;Nantes;1993;6;18.7;23.3;13.0;58;179
2611;Nantes;1993;7;22.1;27.0;17.4;30;238
2612;Nantes;1993;8;21.2;26.8;15.4;50;200
2613;Nantes;1993;9;18.8;23.4;13.0;48;147
2614;Nantes;1993;10;16.1;21.4;12.0;96;90
2615;Nantes;1993;11;8.8;13.5;4.5;68;67
2616;Nantes;1993;12;7.0;13.2;1.8;98;56
2617;Bordeaux;1993;1;8.2;13.8;2.4;67;74
2618;Bordeaux;1993;2;8.2;13.8;2.9;61;108
2619;Bordeaux;1993;3;11.9;18.0;7.3;50;168
2620;Bordeaux;1993;4;13.7;19.4;9.5;50;197
2621;Bordeaux;1993;5;17.6;22.3;12.9;75;247
2622;Bordeaux;1993;6;21.9;26.6;17.2;56;212
2623;Bordeaux;1993;7;24.0;29.3;18.0;55;227
2624;Bordeaux;1993;8;22.6;27.4;16.6;55;257
2625;Bordeaux;1993;9;20.0;24.5;14.2;89;196
2626;Bordeaux;1993;10;14.2;20.6;8.3;66;113
2627;Bordeaux;1993;11;10.2;16.4;4.6;76;92
2628;Bordeaux;1993;12;8.7;14.0;4.3;95;61
2629;Marseille;1993;1;9.5;15.8;3.9;37;142
2630;Marseille;1993;2;11.1;16.7;5.3;27;177
2631;Marseille;1993;3;11.6;17.9;6.0;34;240
2632;Marseille;1993;4;16.8;22.3;12.6;33;218
2633;Marseille;1993;5;21.0;26.9;15.5;30;239
2634;Marseille;1993;6;24.0;28.8;18.0;17;285
2635;Marseille;1993;7;26.7;32.0;21.5;4;417
2636;Marseille;1993;8;25.6;31.3;19.9;19;331
2637;Marseille;1993;9;22.5;28.5;16.9;48;211
2638;Marseille;1993;10;18.7;24.6;14.6;51;208
2639;Marseille;1993;11;13.4;18.4;9.4;54;115
2640;Marseille;1993;12;10.7;15.4;5.9;59;137
2641;Lille;1994;1;4.7;9.9;-0.8;39;57
2642;Lille;1994;2;5.4;10.0;1.0;32;56
2643;Lille;1994;3;8.1;13.9;4.0;50;103
2644;Lille;1994;4;10.6;15.3;5.4;49;132
2645;Lille;1994;5;14.8;20.8;10.2;68;154
2646;Lille;1994;6;18.2;23.8;12.6;58;180
2647;Lille;1994;7;20.0;26.0;15.7;71;201
2648;Lille;1994;8;19.1;24.7;14.4;76;156
2649;Lille;1994;9;17.0;22.1;12.7;57;149
2650;Lille;1994;10;11.8;17.7;7.2;62;93
2651;Lille;1994;11;7.3;12.0;2.3;63;60
2652;Lille;1994;12;6.7;12.0;1.2;42;41
2653;Paris;1994;1;5.2;9.7;-0.2;58;74
2654;Paris;1994;2;7.2;12.8;3.0;40;90
2655;Paris;1994;3;11.4;16.7;5.6;55;111
2656;Paris;1994;4;13.3;18.6;7.5;63;195
2657;Paris;1994;5;17.4;22.7;12.8;41;197
2658;Paris;1994;6;19.6;24.9;14.9;42;177
2659;Paris;1994;7;21.2;25.8;16.0;65;205
2660;Paris;1994;8;21.1;26.7;15.5;55;182
2661;Paris;1994;9;20.0;24.8;14.5;64;144
2662;Paris;1994;10;13.0;17.9;7.7;60;116
2663;Paris;1994;11;7.7;13.7;2.1;46;63
2664;Paris;1994;12;7.3;13.7;3.0;44;59
2665;Nantes;1994;1;6.9;12.1;2.6;105;71
2666;Nantes;1994;2;7.4;12.5;2.6;70;81
2667;Nantes;1994;3;10.2;14.7;5.3;80;158
2668;Nantes;1994;4;13.2;18.4;8.6;59;178
2669;Nantes;1994;5;15.9;20.8;11.5;39;237
2670;Nantes;1994;6;18.3;23.1;13.1;48;214
2671;Nantes;1994;7;21.3;26.6;15.6;45;243
2672;Nantes;1994;8;21.5;27.3;15.8;43;205
2673;Nantes;1994;9;17.6;22.2;12.9;55;170
2674;Nantes;1994;10;15.2;21.1;10.6;95;104
2675;Nantes;1994;11;9.8;15.8;4.5;98;70
2676;Nantes;1994;12;7.5;12.9;1.9;85;62
2677;Bordeaux;1994;1;8.2;12.8;4.1;69;89
2678;Bordeaux;1994;2;7.5;13.0;2.3;70;108
2679;Bordeaux;1994;3;11.1;16.7;7.0;78;122
2680;Bordeaux;1994;4;14.4;20.7;8.7;65;194
2681;Bordeaux;1994;5;16.5;21.3;11.4;49;182
2682;Bordeaux;1994;6;22.0;27.4;16.0;70;235
2683;Bordeaux;1994;7;23.1;29.2;18.2;43;267
2684;Bordeaux;1994;8;23.1;28.2;18.2;66;227
2685;Bordeaux;1994;9;19.0;24.9;13.4;53;191
2686;Bordeaux;1994;10;16.1;21.3;10.9;79;112
2687;Bordeaux;1994;11;9.7;14.4;5.0;112;68
2688;Bordeaux;1994;12;8.6;13.4;3.1;72;57
2689;Marseille;1994;1;9.3;14.6;3.4;56;129
2690;Marseille;1994;2;10.9;15.8;6.8;37;150
2691;Marseille;1994;3;13.0;18.4;7.6;33;227
2692;Marseille;1994;4;16.9;23.2;11.6;34;244
2693;Marseille;1994;5;19.7;25.3;13.7;22;263
2694;Marseille;1994;6;24.2;29.4;20.1;15;352
2695;Marseille;1994;7;28.1;33.2;23.4;5;377
2696;Marseille;1994;8;26.1;32.6;21.1;20;355
2697;Marseille;1994;9;21.8;27.8;17.5;44;250
2698;Marseille;1994;10;18.1;23.0;12.2;92;196
2699;Marseille;1994;11;12.4;17.5;8.0;65;130
2700;Marseille;1994;12;8.2;13.4;3.2;69;154
2701;Lille;1995;1;4.8;10.1;0.0;42;44
2702;Lille;1995;2;3.9;8.5;-1.9;39;78
2703;Lille;1995;3;7.1;12.3;1.5;39;128
2704;Lille;1995;4;11.8;17.4;6.4;38;158
2705;Lille;1995;5;14.4;19.7;8.9;65;208
2706;Lille;1995;6;18.1;23.1;13.3;62;152
2707;Lille;1995;7;21.3;26.1;16.4;59;179
2708;Lille;1995;8;20.8;26.6;16.7;57;153
2709;Lille;1995;9;17.2;22.2;11.8;57;111
2710;Lille;1995;10;12.2;17.4;6.5;64;92
2711;Lille;1995;11;7.6;13.7;2.9;40;58
2712;Lille;1995;12;4.6;10.3;-0.5;70;36
2713;Paris;1995;1;5.8;10.9;0.5;43;71
2714;Paris;1995;2;6.2;11.0;1.1;51;92
2715;Paris;1995;3;10.5;16.6;6.0;37;109
2716;Paris;1995;4;12.6;18.6;7.6;62;193
2717;Paris;1995;5;15.4;20.5;10.0;59;228
2718;Paris;1995;6;20.4;26.3;15.0;63;219
2719;Paris;1995;7;21.7;27.7;16.2;56;212
2720;Paris;1995;8;21.9;27.9;16.8;52;197
2721;Paris;1995;9;17.3;23.5;13.1;58;131
2722;Paris;1995;10;14.9;20.2;10.5;68;93
2723;Paris;1995;11;9.3;15.2;4.6;51;58
2724;Paris;1995;12;6.7;12.8;2.4;48;52
2725;Nantes;1995;1;8.1;12.6;4.1;90;71
2726;Nantes;1995;2;8.4;13.9;4.2;71;106
2727;Nantes;1995;3;10.1;15.1;6.0;63;133
2728;Nantes;1995;4;11.9;16.7;6.9;61;144
2729;Nantes;1995;5;15.9;21.5;10.3;65;175
2730;Nantes;1995;6;19.0;23.8;14.7;49;239
2731;Nantes;1995;7;20.1;25.1;16.0;36;222
2732;Nantes;1995;8;22.5;27.3;17.6;44;204
2733;Nantes;1995;9;17.6;23.6;13.2;75;169
2734;Nantes;1995;10;13.7;20.1;8.7;59;107
2735;Nantes;1995;11;9.9;14.8;4.4;95;71
2736;Nantes;1995;12;8.8;14.3;3.9;106;72
2737;Bordeaux;1995;1;8.4;13.7;3.6;101;74
2738;Bordeaux;1995;2;8.9;14.1;4.5;85;108
2739;Bordeaux;1995;3;12.3;18.0;7.8;80;158
2740;Bordeaux;1995;4;14.5;19.2;10.4;80;210
2741;Bordeaux;1995;5;17.7;23.1;12.1;56;182
2742;Bordeaux;1995;6;21.5;27.1;15.8;57;212
2743;Bordeaux;1995;7;22.9;27.4;17.9;56;284
2744;Bordeaux;1995;8;23.7;28.8;17.8;57;272
2745;Bordeaux;1995;9;20.3;25.2;16.0;56;152
2746;Bordeaux;1995;10;14.9;21.4;10.2;100;145
2747;Bordeaux;1995;11;10.1;15.5;5.2;84;77
2748;Bordeaux;1995;12;8.3;13.0;2.6;66;68
2749;Marseille;1995;1;8.6;14.4;3.5;46;144
2750;Marseille;1995;2;9.5;14.4;5.0;40;157
2751;Marseille;1995;3;12.8;17.4;7.8;28;170
2752;Marseille;1995;4;15.9;20.8;10.1;30;198
2753;Marseille;1995;5;20.5;25.7;14.8;35;331
2754;Marseille;1995;6;23.8;28.5;18.5;15;344
2755;Marseille;1995;7;27.7;32.9;23.3;6;404
2756;Marseille;1995;8;27.4;33.7;22.4;18;284
2757;Marseille;1995;9;22.1;27.4;17.9;51;262
2758;Marseille;1995;10;17.6;23.0;12.1;74;200
2759;Marseille;1995;11;12.4;17.3;7.2;81;156
2760;Marseille;1995;12;10.1;15.1;5.6;70;120
2761;Lille;1996;1;5.1;9.6;0.7;39;56
2762;Lille;1996;2;5.3;10.9;-0.2;39;70
2763;Lille;1996;3;8.4;13.1;3.3;49;101
2764;Lille;1996;4;10.5;15.4;5.1;56;133
2765;Lille;1996;5;16.0;22.3;10.6;45;206
2766;Lille;1996;6;18.2;23.1;13.4;44;176
2767;Lille;1996;7;19.9;25.2;15.4;72;160
2768;Lille;1996;8;20.3;25.1;14.9;50;173
2769;Lille;1996;9;17.3;22.5;11.8;71;148
2770;Lille;1996;10;11.3;15.9;6.3;49;92
2771;Lille;1996;11;8.3;13.3;2.5;66;43
2772;Lille;1996;12;5.3;10.0;0.6;73;38
2773;Paris;1996;1;5.4;10.9;0.8;52;69
2774;Paris;1996;2;6.7;12.7;1.8;51;72
2775;Paris;1996;3;9.8;15.0;5.7;47;141
2776;Paris;1996;4;13.4;18.0;9.3;55;188
2777;Paris;1996;5;18.0;24.4;13.5;55;160
2778;Paris;1996;6;19.1;25.2;13.6;55;248
2779;Paris;1996;7;22.8;28.8;18.0;62;232
2780;Paris;1996;8;22.4;28.3;17.7;56;212
2781;Paris;1996;9;17.8;22.8;12.4;64;156
2782;Paris;1996;10;13.0;19.4;8.1;59;108
2783;Paris;1996;11;10.4;16.4;5.9;42;73
2784;Paris;1996;12;5.5;11.0;0.4;70;45
2785;Nantes;1996;1;6.9;12.1;1.8;99;83
2786;Nantes;1996;2;7.3;12.9;1.8;62;106
2787;Nantes;1996;3;10.6;15.4;5.5;76;128
2788;Nantes;1996;4;13.1;18.7;8.5;42;177
2789;Nantes;1996;5;16.6;22.7;10.6;70;226
2790;Nantes;1996;6;19.0;23.6;13.0;43;209
2791;Nantes;1996;7;21.8;27.1;16.8;33;225
2792;Nantes;1996;8;21.9;28.1;16.5;38;211
2793;Nantes;1996;9;18.7;23.5;14.6;77;162
2794;Nantes;1996;10;13.4;19.1;7.7;93;128
2795;Nantes;1996;11;10.1;15.9;4.8;83;65
2796;Nantes;1996;12;7.8;13.4;2.9;85;54
2797;Bordeaux;1996;1;7.2;11.8;1.7;96;87
2798;Bordeaux;1996;2;9.3;15.1;4.5;72;85
2799;Bordeaux;1996;3;10.7;15.3;6.2;79;140
2800;Bordeaux;1996;4;14.0;19.1;8.3;78;163
2801;Bordeaux;1996;5;18.8;24.3;14.7;60;195
2802;Bordeaux;1996;6;20.9;26.5;15.6;70;209
2803;Bordeaux;1996;7;23.3;27.8;18.2;52;286
2804;Bordeaux;1996;8;22.9;29.4;18.4;53;269
2805;Bordeaux;1996;9;19.9;24.5;15.7;91;211
2806;Bordeaux;1996;10;13.9;20.0;9.8;69;148
2807;Bordeaux;1996;11;10.4;15.8;6.0;74;80
2808;Bordeaux;1996;12;6.9;12.4;1.3;92;69
2809;Marseille;1996;1;9.4;14.0;4.4;58;143
2810;Marseille;1996;2;10.9;15.8;5.8;34;172
2811;Marseille;1996;3;13.4;19.3;7.9;36;244
2812;Marseille;1996;4;15.5;20.3;10.3;45;261
2813;Marseille;1996;5;20.1;26.0;16.0;34;287
2814;Marseille;1996;6;24.0;30.0;18.2;13;306
2815;Marseille;1996;7;28.5;33.3;24.2;7;298
2816;Marseille;1996;8;26.7;32.6;22.3;12;307
2817;Marseille;1996;9;21.5;27.1;15.5;55;264
2818;Marseille;1996;10;18.0;24.4;13.0;53;211
2819;Marseille;1996;11;14.4;19.0;9.2;81;129
2820;Marseille;1996;12;10.2;15.7;4.5;53;121
2821;Lille;1997;1;3.1;7.7;-1.1;66;47
2822;Lille;1997;2;5.1;11.4;-0.6;33;57
2823;Lille;1997;3;9.6;15.7;5.0;56;110
2824;Lille;1997;4;12.2;17.9;8.1;49;144
2825;Lille;1997;5;14.8;20.4;9.0;66;184
2826;Lille;1997;6;17.3;22.9;12.6;40;170
2827;Lille;1997;7;19.0;25.2;14.5;74;219
2828;Lille;1997;8;20.7;25.9;16.3;68;180
2829;Lille;1997;9;15.8;21.5;10.8;53;130
2830;Lille;1997;10;12.8;17.4;7.0;82;95
2831;Lille;1997;11;7.9;13.1;3.6;69;45
2832;Lille;1997;12;4.6;10.6;-0.6;57;41
2833;Paris;1997;1;6.0;11.0;0.5;59;59
2834;Paris;1997;2;6.9;12.3;1.3;46;70
2835;Paris;1997;3;9.7;15.7;3.8;52;140
2836;Paris;1997;4;14.1;20.1;8.2;51;168
2837;Paris;1997;5;16.7;21.7;11.8;51;179
2838;Paris;1997;6;20.3;26.5;15.1;39;185
2839;Paris;1997;7;20.9;26.3;15.4;82;226
2840;Paris;1997;8;22.4;27.4;17.9;71;190
2841;Paris;1997;9;17.3;22.6;11.4;69;175
2842;Paris;1997;10;14.4;19.6;9.6;66;89
2843;Paris;1997;11;8.4;13.9;3.8;42;69
2844;Paris;1997;12;5.3;10.4;0.3;40;42
2845;Nantes;1997;1;7.7;13.8;1.9;74;67
2846;Nantes;1997;2;8.4;13.9;2.5;75;86
2847;Nantes;1997;3;9.9;15.0;4.5;72;148
2848;Nantes;1997;4;12.9;17.5;7.9;60;165
2849;Nantes;1997;5;16.5;22.6;12.2;50;192
2850;Nantes;1997;6;18.5;24.8;13.0;45;187
2851;Nantes;1997;7;20.5;26.9;14.8;51;217
2852;Nantes;1997;8;21.9;27.2;16.3;42;217
2853;Nantes;1997;9;18.7;23.8;13.9;67;162
2854;Nantes;1997;10;14.0;19.3;8.4;96;101
2855;Nantes;1997;11;11.3;16.0;6.9;97;59
2856;Nantes;1997;12;8.7;13.9;4.0;65;57
2857;Bordeaux;1997;1;9.3;15.2;3.5;92;70
2858;Bordeaux;1997;2;8.6;13.7;3.1;88;78
2859;Bordeaux;1997;3;10.9;15.7;5.6;51;164
2860;Bordeaux;1997;4;14.4;19.6;9.7;67;207
2861;Bordeaux;1997;5;19.4;25.7;15.1;54;242
2862;Bordeaux;1997;6;22.5;28.3;18.3;48;279
2863;Bordeaux;1997;7;23.7;29.7;19.5;48;314
2864;Bordeaux;1997;8;22.1;27.9;17.5;55;207
2865;Bordeaux;1997;9;19.5;24.5;15.1;66;157
2866;Bordeaux;1997;10;16.1;21.2;10.1;75;110
2867;Bordeaux;1997;11;10.3;14.9;4.5;65;69
2868;Bordeaux;1997;12;6.7;12.5;2.3;111;63
2869;Marseille;1997;1;8.5;14.2;3.6;53;144
2870;Marseille;1997;2;10.3;16.3;4.6;38;148
2871;Marseille;1997;3;14.7;20.3;9.2;43;192
2872;Marseille;1997;4;16.5;21.0;11.7;35;213
2873;Marseille;1997;5;19.2;24.5;13.8;29;313
2874;Marseille;1997;6;25.2;31.3;20.4;23;344
2875;Marseille;1997;7;26.3;32.5;20.6;6;384
2876;Marseille;1997;8;26.3;31.8;20.7;18;370
2877;Marseille;1997;9;22.7;28.2;18.5;42;246
2878;Marseille;1997;10;18.7;24.3;13.2;50;187
2879;Marseille;1997;11;14.2;19.8;8.3;59;108
2880;Marseille;1997;12;9.5;14.3;4.8;44;121
2881;Lille;1998;1;2.8;8.1;-1.3;55;53
2882;Lille;1998;2;4.8;11.2;0.7;54;58
2883;Lille;1998;3;9.1;14.9;4.3;44;110
2884;Lille;1998;4;11.1;17.1;6.7;33;164
2885;Lille;1998;5;14.4;19.2;8.8;56;203
2886;Lille;1998;6;18.1;23.3;13.3;57;213
2887;Lille;1998;7;20.8;25.7;15.1;79;187
2888;Lille;1998;8;20.3;26.8;14.6;57;207
2889;Lille;1998;9;16.7;22.7;11.9;56;135
2890;Lille;1998;10;13.4;19.7;9.4;79;78
2891;Lille;1998;11;6.6;12.9;2.3;64;58
2892;Lille;1998;12;6.1;12.2;0.3;60;35
2893;Paris;1998;1;5.3;10.7;1.2;62;59
2894;Paris;1998;2;7.0;13.2;1.6;39;63
2895;Paris;1998;3;10.2;15.0;4.3;53;133
2896;Paris;1998;4;12.3;17.4;7.8;63;134
2897;Paris;1998;5;17.2;23.4;11.4;49;159
2898;Paris;1998;6;19.6;24.8;14.4;64;166
2899;Paris;1998;7;22.3;27.5;16.6;69;259
2900;Paris;1998;8;21.6;26.2;17.0;50;200
2901;Paris;1998;9;18.1;24.1;12.8;68;160
2902;Paris;1998;10;13.6;19.0;9.5;73;119
2903;Paris;1998;11;9.7;14.8;3.7;62;51
2904;Paris;1998;12;6.9;12.9;1.4;41;39
2905;Nantes;1998;1;8.1;13.8;3.5;81;75
2906;Nantes;1998;2;6.4;12.5;0.8;48;84
2907;Nantes;1998;3;10.9;16.0;6.3;45;156
2908;Nantes;1998;4;11.4;17.6;7.0;67;139
2909;Nantes;1998;5;16.2;21.3;10.8;65;177
2910;Nantes;1998;6;19.3;25.6;13.7;32;189
2911;Nantes;1998;7;21.9;28.1;16.4;43;202
2912;Nantes;1998;8;21.0;25.6;15.8;55;265
2913;Nantes;1998;9;18.6;25.0;13.5;59;162
2914;Nantes;1998;10;14.7;19.3;9.2;72;106
2915;Nantes;1998;11;10.2;16.1;5.5;82;82
2916;Nantes;1998;12;7.9;13.2;3.6;96;75
2917;Bordeaux;1998;1;7.6;13.7;2.6;62;90
2918;Bordeaux;1998;2;7.1;11.6;1.8;86;103
2919;Bordeaux;1998;3;12.4;18.9;8.2;63;122
2920;Bordeaux;1998;4;14.2;18.9;9.1;72;201
2921;Bordeaux;1998;5;18.3;24.4;12.6;83;208
2922;Bordeaux;1998;6;21.0;26.9;16.2;60;208
2923;Bordeaux;1998;7;23.7;28.6;18.8;38;318
2924;Bordeaux;1998;8;24.4;30.5;19.3;61;265
2925;Bordeaux;1998;9;20.0;25.0;14.8;83;188
2926;Bordeaux;1998;10;14.4;20.1;8.7;72;147
2927;Bordeaux;1998;11;9.9;15.1;4.2;108;72
2928;Bordeaux;1998;12;7.8;12.7;2.9;107;62
2929;Marseille;1998;1;8.7;13.9;4.2;60;176
2930;Marseille;1998;2;9.6;15.0;4.7;36;177
2931;Marseille;1998;3;13.0;17.6;7.7;43;242
2932;Marseille;1998;4;16.8;22.5;12.5;30;248
2933;Marseille;1998;5;19.5;25.7;13.8;26;248
2934;Marseille;1998;6;25.0;30.5;19.3;23;293
2935;Marseille;1998;7;28.8;34.1;23.6;7;356
2936;Marseille;1998;8;26.9;31.6;21.6;18;359
2937;Marseille;1998;9;22.5;28.4;17.0;39;279
2938;Marseille;1998;10;17.6;23.3;11.6;86;150
2939;Marseille;1998;11;14.2;19.7;9.6;74;116
2940;Marseille;1998;12;9.5;15.0;5.2;63;103
2941;Lille;1999;1;5.0;10.4;0.9;43;50
2942;Lille;1999;2;4.5;9.1;-1.4;55;57
2943;Lille;1999;3;9.1;14.2;4.1;46;103
2944;Lille;1999;4;12.2;17.1;7.4;50;153
2945;Lille;1999;5;17.0;23.3;12.7;67;179
2946;Lille;1999;6;18.7;24.4;12.8;55;202
2947;Lille;1999;7;20.2;25.7;14.9;81;158
2948;Lille;1999;8;19.8;24.7;14.0;54;141
2949;Lille;1999;9;15.8;22.0;10.4;63;144
2950;Lille;1999;10;12.9;19.2;7.2;62;77
2951;Lille;1999;11;8.0;14.3;2.4;69;52
2952;Lille;1999;12;4.9;9.9;-0.2;63;34
2953;Paris;1999;1;6.9;12.5;2.9;49;63
2954;Paris;1999;2;7.1;11.8;1.5;40;88
2955;Paris;1999;3;10.4;15.0;6.2;51;115
2956;Paris;1999;4;13.5;18.5;7.7;59;153
2957;Paris;1999;5;17.0;22.6;11.1;65;158
2958;Paris;1999;6;19.0;24.9;14.8;48;238
2959;Paris;1999;7;21.8;26.9;16.5;46;207
2960;Paris;1999;8;21.2;27.3;15.8;48;190
2961;Paris;1999;9;18.6;23.3;14.2;60;150
2962;Paris;1999;10;14.6;20.8;9.0;76;99
2963;Paris;1999;11;9.5;15.7;4.2;49;66
2964;Paris;1999;12;6.9;11.7;2.6;53;54
2965;Nantes;1999;1;7.6;13.7;2.7;64;75
2966;Nantes;1999;2;8.4;14.4;4.0;81;79
2967;Nantes;1999;3;10.8;16.7;6.8;62;142
2968;Nantes;1999;4;10.5;16.2;4.6;39;141
2969;Nantes;1999;5;16.4;22.8;11.0;40;193
2970;Nantes;1999;6;19.1;25.0;13.5;57;220
2971;Nantes;1999;7;20.8;25.4;16.8;43;262
2972;Nantes;1999;8;21.8;27.1;17.1;54;238
2973;Nantes;1999;9;18.0;23.8;12.4;47;157
2974;Nantes;1999;10;14.2;19.9;8.4;67;124
2975;Nantes;1999;11;10.2;15.6;5.6;79;82
2976;Nantes;1999;12;9.0;14.6;3.8;92;55
2977;Bordeaux;1999;1;7.8;13.9;3.3;69;67
2978;Bordeaux;1999;2;8.4;14.0;2.8;53;95
2979;Bordeaux;1999;3;12.6;18.2;7.5;68;131
2980;Bordeaux;1999;4;13.5;19.4;7.9;48;185
2981;Bordeaux;1999;5;18.5;24.8;13.1;51;217
2982;Bordeaux;1999;6;21.4;26.0;16.6;64;273
2983;Bordeaux;1999;7;22.8;27.4;18.4;60;266
2984;Bordeaux;1999;8;23.4;29.6;18.9;55;233
2985;Bordeaux;1999;9;19.2;24.4;14.8;83;221
2986;Bordeaux;1999;10;15.9;22.0;10.8;89;146
2987;Bordeaux;1999;11;9.9;15.3;5.7;69;81
2988;Bordeaux;1999;12;7.4;12.5;2.1;72;69
2989;Marseille;1999;1;9.3;15.3;3.9;48;129
2990;Marseille;1999;2;9.6;15.6;4.2;32;160
2991;Marseille;1999;3;14.0;19.6;8.6;44;215
2992;Marseille;1999;4;15.6;20.6;11.2;41;193
2993;Marseille;1999;5;19.9;25.7;14.8;34;250
2994;Marseille;1999;6;24.1;28.6;19.5;20;308
2995;Marseille;1999;7;27.1;32.4;22.0;7;335
2996;Marseille;1999;8;25.9;31.9;21.8;19;339
2997;Marseille;1999;9;23.1;28.2;17.9;41;266
2998;Marseille;1999;10;18.2;23.8;12.8;79;209
2999;Marseille;1999;11;13.2;18.7;9.1;82;105
3000;Marseille;1999;12;10.1;14.7;5.8;43;155
3001;Lille;2000;1;4.1;10.4;-1.5;68;60
3002;Lille;2000;2;5.1;10.2;0.8;46;59
3003;Lille;2000;3;7.5;13.6;1.9;49;104
3004;Lille;2000;4;11.0;16.4;5.9;52;128
3005;Lille;2000;5;15.6;21.2;9.8;65;206
3006;Lille;2000;6;17.6;23.3;13.4;43;160
3007;Lille;2000;7;20.6;25.2;15.0;73;190
3008;Lille;2000;8;20.3;26.4;15.0;76;182
3009;Lille;2000;9;16.1;21.0;11.4;40;144
3010;Lille;2000;10;12.5;17.9;7.9;60;97
3011;Lille;2000;11;6.9;11.7;1.8;68;60
3012;Lille;2000;12;5.7;10.2;1.4;75;40
3013;Paris;2000;1;5.3;11.2;-0.3;61;74
3014;Paris;2000;2;7.3;12.4;2.8;48;73
3015;Paris;2000;3;9.5;15.1;4.9;42;149
3016;Paris;2000;4;11.4;16.9;5.7;59;142
3017;Paris;2000;5;17.3;22.8;12.8;47;207
3018;Paris;2000;6;19.4;24.9;14.8;61;205
3019;Paris;2000;7;22.2;28.3;18.2;55;232
3020;Paris;2000;8;22.3;27.3;17.2;65;197
3021;Paris;2000;9;17.9;23.1;12.5;49;191
3022;Paris;2000;10;13.0;18.3;7.8;75;121
3023;Paris;2000;11;9.1;13.6;4.7;57;72
3024;Paris;2000;12;7.1;13.3;2.4;45;42
3025;Nantes;2000;1;6.9;12.8;1.6;99;73
3026;Nantes;2000;2;8.8;15.0;4.3;79;91
3027;Nantes;2000;3;10.1;15.4;5.9;58;128
3028;Nantes;2000;4;12.8;17.6;8.7;51;144
3029;Nantes;2000;5;15.6;20.8;11.6;72;200
3030;Nantes;2000;6;19.4;24.4;14.9;34;178
3031;Nantes;2000;7;21.6;26.4;17.1;37;189
3032;Nantes;2000;8;21.6;26.8;16.0;52;190
3033;Nantes;2000;9;18.6;24.5;13.3;59;139
3034;Nantes;2000;10;14.2;18.8;8.7;104;93
3035;Nantes;2000;11;9.6;15.2;4.6;63;82
3036;Nantes;2000;12;8.0;13.4;2.3;93;69
3037;Bordeaux;2000;1;8.4;13.9;3.4;86;95
3038;Bordeaux;2000;2;8.9;13.8;4.8;51;97
3039;Bordeaux;2000;3;11.1;15.6;6.7;48;123
3040;Bordeaux;2000;4;15.6;21.5;10.4;55;153
3041;Bordeaux;2000;5;18.9;24.9;14.3;87;245
3042;Bordeaux;2000;6;22.3;28.5;16.8;54;239
3043;Bordeaux;2000;7;23.3;28.9;18.7;50;253
3044;Bordeaux;2000;8;23.1;27.7;18.4;44;215
3045;Bordeaux;2000;9;19.1;25.5;13.8;57;202
3046;Bordeaux;2000;10;15.3;21.1;9.4;93;143
3047;Bordeaux;2000;11;10.4;15.0;5.4;95;68
3048;Bordeaux;2000;12;8.8;14.8;3.8;95;80
3049;Marseille;2000;1;9.7;14.7;4.1;58;149
3050;Marseille;2000;2;10.6;15.9;5.6;44;173
3051;Marseille;2000;3;13.8;20.0;9.6;39;248
3052;Marseille;2000;4;15.5;21.1;9.5;44;185
3053;Marseille;2000;5;19.1;24.1;13.5;21;306
3054;Marseille;2000;6;24.1;29.6;18.8;14;382
3055;Marseille;2000;7;27.9;34.3;23.8;6;402
3056;Marseille;2000;8;26.4;31.4;21.4;17;293
3057;Marseille;2000;9;23.1;28.5;17.1;46;241
3058;Marseille;2000;10;19.0;23.7;14.7;78;178
3059;Marseille;2000;11;11.9;17.5;6.2;67;126
3060;Marseille;2000;12;10.0;15.9;5.4;51;148
3061;Lille;2001;1;5.5;11.5;-0.1;48;45
3062;Lille;2001;2;4.7;10.7;-1.3;37;64
3063;Lille;2001;3;8.7;13.3;3.2;41;109
3064;Lille;2001;4;10.9;16.2;5.6;51;141
3065;Lille;2001;5;15.0;20.8;10.4;67;203
3066;Lille;2001;6;17.7;23.5;13.0;48;193
3067;Lille;2001;7;20.7;26.8;15.8;72;168
3068;Lille;2001;8;20.8;26.6;14.9;66;149
3069;Lille;2001;9;15.8;21.5;10.0;66;117
3070;Lille;2001;10;12.1;18.2;6.1;73;103
3071;Lille;2001;11;8.6;13.9;3.7;43;51
3072;Lille;2001;12;5.4;10.3;0.6;58;41
3073;Paris;2001;1;5.9;12.1;-0.1;63;59
3074;Paris;2001;2;7.7;14.0;2.2;31;63
3075;Paris;2001;3;9.6;15.7;4.2;61;121
3076;Paris;2001;4;13.5;19.0;8.3;52;190
3077;Paris;2001;5;15.7;20.8;10.6;60;216
3078;Paris;2001;6;20.6;25.9;15.4;42;169
3079;Paris;2001;7;22.5;27.1;18.5;58;231
3080;Paris;2001;8;22.2;27.2;16.4;65;198
3081;Paris;2001;9;17.5;22.7;11.6;67;193
3082;Paris;2001;10;13.4;18.5;9.1;74;121
3083;Paris;2001;11;8.6;13.8;3.1;44;54
3084;Paris;2001;12;6.9;12.4;1.8;69;52
3085;Nantes;2001;1;8.5;14.7;4.2;67;66
3086;Nantes;2001;2;8.3;14.7;3.6;54;98
3087;Nantes;2001;3;9.3;14.8;3.4;60;159
3088;Nantes;2001;4;12.3;18.1;7.4;58;142
3089;Nantes;2001;5;17.3;23.0;12.4;52;218
3090;Nantes;2001;6;18.8;23.4;13.4;32;220
3091;Nantes;2001;7;23.6;29.6;19.2;45;232
3092;Nantes;2001;8;23.6;29.1;18.7;45;206
3093;Nantes;2001;9;16.9;21.6;11.1;49;176
3094;Nantes;2001;10;13.8;20.2;8.9;81;129
3095;Nantes;2001;11;10.3;15.0;6.2;75;61
3096;Nantes;2001;12;7.2;13.5;1.9;110;57
3097;Bordeaux;2001;1;6.7;12.6;1.4;61;93
3098;Bordeaux;2001;2;8.8;14.5;3.0;49;103
3099;Bordeaux;2001;3;10.9;17.0;5.2;69;140
3100;Bordeaux;2001;4;14.0;19.5;9.4;70;155
3101;Bordeaux;2001;5;18.9;24.2;13.6;82;180
3102;Bordeaux;2001;6;20.4;26.5;15.9;45;243
3103;Bordeaux;2001;7;23.2;29.5;17.3;45;258
3104;Bordeaux;2001;8;22.4;28.3;17.3;62;249
3105;Bordeaux;2001;9;18.4;23.1;14.0;70;212
3106;Bordeaux;2001;10;15.8;21.4;10.9;98;118
3107;Bordeaux;2001;11;11.1;15.6;5.4;93;90
3108;Bordeaux;2001;12;7.6;13.1;2.0;69;70
3109;Marseille;2001;1;9.1;14.2;4.2;40;154
3110;Marseille;2001;2;10.6;17.0;6.1;46;167
3111;Marseille;2001;3;12.7;17.9;7.1;46;182
3112;Marseille;2001;4;16.3;22.0;11.3;37;247
3113;Marseille;2001;5;19.6;24.2;15.2;33;326
3114;Marseille;2001;6;24.4;30.1;19.4;18;353
3115;Marseille;2001;7;26.6;31.4;22.1;7;339
3116;Marseille;2001;8;26.9;31.9;21.2;17;391
3117;Marseille;2001;9;22.5;28.2;16.6;44;258
3118;Marseille;2001;10;20.1;26.5;16.1;84;167
3119;Marseille;2001;11;12.7;18.3;8.7;76;127
3120;Marseille;2001;12;9.5;14.4;4.4;51;123
3121;Lille;2002;1;5.2;10.5;-0.4;57;43
3122;Lille;2002;2;5.1;10.7;-0.3;31;60
3123;Lille;2002;3;8.6;13.5;3.1;52;130
3124;Lille;2002;4;12.4;17.8;6.4;48;170
3125;Lille;2002;5;16.0;21.2;11.2;50;160
3126;Lille;2002;6;17.4;22.7;12.8;51;154
3127;Lille;2002;7;20.4;26.2;15.2;86;152
3128;Lille;2002;8;21.2;25.9;16.9;79;171
3129;Lille;2002;9;18.4;24.6;12.8;73;161
3130;Lille;2002;10;11.9;17.8;7.5;80;98
3131;Lille;2002;11;6.9;11.6;1.4;66;43
3132;Lille;2002;12;6.2;12.0;1.7;63;34
3133;Paris;2002;1;5.6;10.3;0.3;67;71
3134;Paris;2002;2;6.4;11.3;1.2;39;70
3135;Paris;2002;3;9.2;15.1;5.0;43;122
3136;Paris;2002;4;12.4;17.2;6.9;65;180
3137;Paris;2002;5;16.3;20.9;10.9;59;216
3138;Paris;2002;6;20.3;26.7;15.0;50;207
3139;Paris;2002;7;23.0;29.4;18.8;54;208
3140;Paris;2002;8;21.8;26.9;17.6;54;200
3141;Paris;2002;9;18.2;24.6;13.2;46;168
3142;Paris;2002;10;14.9;20.7;9.3;72;110
3143;Paris;2002;11;7.7;12.4;2.7;40;58
3144;Paris;2002;12;6.7;12.1;0.8;44;45
3145;Nantes;2002;1;7.5;12.8;3.3;94;74
3146;Nantes;2002;2;7.0;12.0;2.1;56;98
3147;Nantes;2002;3;9.3;15.6;4.0;47;139
3148;Nantes;2002;4;12.6;17.3;7.8;63;152
3149;Nantes;2002;5;16.9;23.3;11.5;51;181
3150;Nantes;2002;6;20.2;25.7;16.2;51;236
3151;Nantes;2002;7;23.4;28.9;19.4;36;221
3152;Nantes;2002;8;22.9;28.7;17.9;38;229
3153;Nantes;2002;9;18.7;23.5;14.3;49;141
3154;Nantes;2002;10;13.5;18.0;8.3;81;113
3155;Nantes;2002;11;9.8;16.3;5.1;63;66
3156;Nantes;2002;12;9.1;15.1;3.8;98;60
3157;Bordeaux;2002;1;6.7;12.7;2.5;98;68
3158;Bordeaux;2002;2;8.5;13.4;4.1;81;101
3159;Bordeaux;2002;3;11.7;16.3;6.7;76;176
3160;Bordeaux;2002;4;14.6;19.4;9.2;87;201
3161;Bordeaux;2002;5;18.6;23.1;13.3;87;240
3162;Bordeaux;2002;6;22.2;27.1;17.4;59;211
3163;Bordeaux;2002;7;23.8;29.3;18.3;43;261
3164;Bordeaux;2002;8;23.8;29.7;19.7;53;242
3165;Bordeaux;2002;9;20.0;25.3;14.2;89;181
3166;Bordeaux;2002;10;16.0;22.4;11.7;100;118
3167;Bordeaux;2002;11;10.7;16.4;5.9;111;86
3168;Bordeaux;2002;12;8.0;14.5;3.9;103;76
3169;Marseille;2002;1;10.5;16.6;6.2;36;168
3170;Marseille;2002;2;10.5;16.9;5.0;31;168
3171;Marseille;2002;3;12.8;19.2;6.9;38;242
3172;Marseille;2002;4;15.0;20.9;10.1;40;273
3173;Marseille;2002;5;20.6;26.6;16.1;34;236
3174;Marseille;2002;6;23.7;30.1;17.7;15;265
3175;Marseille;2002;7;27.8;33.8;22.1;7;394
3176;Marseille;2002;8;27.7;33.0;22.9;19;405
3177;Marseille;2002;9;22.1;26.8;17.7;59;244
3178;Marseille;2002;10;19.6;25.5;15.5;73;159
3179;Marseille;2002;11;14.5;19.8;10.2;73;107
3180;Marseille;2002;12;10.1;15.4;5.5;42;111
3181;Lille;2003;1;4.4;9.7;-1.4;46;46
3182;Lille;2003;2;6.0;12.5;2.0;34;60
3183;Lille;2003;3;8.2;14.1;3.9;40;91
3184;Lille;2003;4;11.9;17.8;7.8;39;133
3185;Lille;2003;5;15.2;19.8;11.1;48;212
3186;Lille;2003;6;18.7;23.2;14.4;39;168
3187;Lille;2003;7;21.1;27.2;16.7;71;176
3188;Lille;2003;8;24.8;30.0;20.1;45;159
3189;Lille;2003;9;17.0;21.9;11.7;52;130
3190;Lille;2003;10;12.2;17.0;8.0;65;76
3191;Lille;2003;11;7.7;12.4;2.6;64;53
3192;Lille;2003;12;6.3;11.3;1.5;44;35
3193;Paris;2003;1;5.7;10.7;-0.1;62;67
3194;Paris;2003;2;6.8;12.7;2.6;38;92
3195;Paris;2003;3;9.9;15.8;5.8;37;129
3196;Paris;2003;4;14.3;20.6;8.6;61;132
3197;Paris;2003;5;17.6;22.8;13.3;59;161
3198;Paris;2003;6;19.5;24.4;14.5;49;197
3199;Paris;2003;7;24.6;29.4;18.8;77;210
3200;Paris;2003;8;25.3;29.9;20.5;49;217
3201;Paris;2003;9;17.3;22.4;12.1;40;159
3202;Paris;2003;10;13.9;20.4;9.4;53;127
3203;Paris;2003;11;8.9;13.7;3.0;43;54
3204;Paris;2003;12;5.3;11.3;0.9;53;46
3205;Nantes;2003;1;7.4;12.5;2.3;102;69
3206;Nantes;2003;2;7.5;12.5;2.9;68;104
3207;Nantes;2003;3;10.3;15.0;5.8;46;133
3208;Nantes;2003;4;12.8;17.5;8.1;43;139
3209;Nantes;2003;5;17.2;23.4;11.7;63;233
3210;Nantes;2003;6;20.1;25.6;14.6;49;179
3211;Nantes;2003;7;22.3;27.4;16.3;42;227
3212;Nantes;2003;8;26.3;31.9;21.7;54;186
3213;Nantes;2003;9;19.0;25.4;13.5;66;152
3214;Nantes;2003;10;13.9;19.8;8.1;86;124
3215;Nantes;2003;11;10.2;15.1;5.7;59;76
3216;Nantes;2003;12;7.4;12.0;2.6;61;74
3217;Bordeaux;2003;1;8.3;14.3;3.2;76;71
3218;Bordeaux;2003;2;8.3;13.2;3.0;60;82
3219;Bordeaux;2003;3;12.5;18.2;7.5;56;171
3220;Bordeaux;2003;4;13.6;18.7;8.7;66;191
3221;Bordeaux;2003;5;17.6;23.8;11.9;73;208
3222;Bordeaux;2003;6;22.1;26.9;17.1;55;252
3223;Bordeaux;2003;7;26.5;32.1;20.9;36;225
3224;Bordeaux;2003;8;27.2;33.2;23.0;48;223
3225;Bordeaux;2003;9;20.0;25.2;15.6;76;201
3226;Bordeaux;2003;10;15.2;21.7;9.8;99;142
3227;Bordeaux;2003;11;11.0;16.7;6.1;114;78
3228;Bordeaux;2003;12;8.8;14.6;4.1;88;62
3229;Marseille;2003;1;9.4;15.9;4.8;37;125
3230;Marseille;2003;2;11.0;16.2;6.4;48;170
3231;Marseille;2003;3;12.9;18.5;8.4;48;244
3232;Marseille;2003;4;15.9;20.6;11.1;37;184
3233;Marseille;2003;5;21.0;26.7;16.0;20;247
3234;Marseille;2003;6;23.9;28.8;18.2;18;270
3235;Marseille;2003;7;30.4;35.3;25.0;7;352
3236;Marseille;2003;8;31.5;37.6;26.4;20;337
3237;Marseille;2003;9;22.0;27.6;17.9;61;221
3238;Marseille;2003;10;19.0;24.8;14.8;92;199
3239;Marseille;2003;11;14.9;21.3;10.5;82;107
3240;Marseille;2003;12;9.9;16.2;4.0;57;106
3241;Lille;2004;1;5.1;11.5;0.9;64;49
3242;Lille;2004;2;5.0;9.7;0.4;45;76
3243;Lille;2004;3;8.2;13.7;3.1;45;91
3244;Lille;2004;4;11.0;17.1;6.6;56;137
3245;Lille;2004;5;15.5;21.1;9.6;64;209
3246;Lille;2004;6;18.8;23.4;14.0;66;160
3247;Lille;2004;7;21.5;26.7;17.4;56;188
3248;Lille;2004;8;20.9;26.7;16.3;61;201
3249;Lille;2004;9;17.6;24.0;12.7;47;129
3250;Lille;2004;10;12.7;19.2;8.2;47;102
3251;Lille;2004;11;8.0;12.7;2.7;53;41
3252;Lille;2004;12;5.6;11.0;1.6;65;38
3253;Paris;2004;1;6.3;11.0;1.1;45;72
3254;Paris;2004;2;5.9;11.8;1.5;32;76
3255;Paris;2004;3;8.7;14.1;3.6;58;102
3256;Paris;2004;4;14.3;19.6;10.0;55;153
3257;Paris;2004;5;15.9;22.3;10.9;59;212
3258;Paris;2004;6;19.7;24.5;15.0;56;201
3259;Paris;2004;7;22.8;29.2;18.1;56;206
3260;Paris;2004;8;21.2;27.5;16.6;56;215
3261;Paris;2004;9;18.9;25.2;13.4;69;157
3262;Paris;2004;10;14.1;20.3;9.2;67;124
3263;Paris;2004;11;9.7;16.1;4.1;61;67
3264;Paris;2004;12;5.5;11.7;0.5;68;46
3265;Nantes;2004;1;7.2;12.7;3.0;91;82
3266;Nantes;2004;2;7.1;13.2;3.0;75;76
3267;Nantes;2004;3;10.2;15.8;5.1;80;155
3268;Nantes;2004;4;13.3;19.4;8.5;44;205
3269;Nantes;2004;5;16.5;21.8;12.4;46;192
3270;Nantes;2004;6;17.8;23.9;13.7;46;249
3271;Nantes;2004;7;22.1;28.6;17.9;44;205
3272;Nantes;2004;8;21.4;27.0;17.2;53;263
3273;Nantes;2004;9;17.4;23.9;11.7;43;137
3274;Nantes;2004;10;15.3;20.8;10.8;69;103
3275;Nantes;2004;11;11.3;16.4;6.8;79;77
3276;Nantes;2004;12;7.6;12.6;2.2;71;75
3277;Bordeaux;2004;1;7.7;13.4;3.5;72;88
3278;Bordeaux;2004;2;10.1;14.9;5.1;84;82
3279;Bordeaux;2004;3;13.3;19.2;7.9;79;162
3280;Bordeaux;2004;4;15.5;20.9;11.1;87;194
3281;Bordeaux;2004;5;18.3;23.2;12.5;80;209
3282;Bordeaux;2004;6;22.4;28.0;17.3;61;199
3283;Bordeaux;2004;7;22.9;29.2;17.2;55;312
3284;Bordeaux;2004;8;23.3;29.5;19.0;48;235
3285;Bordeaux;2004;9;19.5;24.6;14.4;79;195
3286;Bordeaux;2004;10;15.7;20.4;11.0;73;111
3287;Bordeaux;2004;11;10.1;16.1;5.2;107;68
3288;Bordeaux;2004;12;8.3;13.4;3.6;87;63
3289;Marseille;2004;1;9.9;14.6;5.2;60;178
3290;Marseille;2004;2;11.2;17.1;5.3;31;179
3291;Marseille;2004;3;14.0;20.3;9.5;38;198
3292;Marseille;2004;4;16.2;21.9;10.9;31;182
3293;Marseille;2004;5;19.1;25.2;15.0;21;233
3294;Marseille;2004;6;24.5;30.8;20.0;14;361
3295;Marseille;2004;7;27.6;32.3;22.0;7;353
3296;Marseille;2004;8;26.7;32.9;22.0;11;396
3297;Marseille;2004;9;23.3;29.6;18.6;59;227
3298;Marseille;2004;10;18.2;22.7;12.3;85;196
3299;Marseille;2004;11;14.1;19.8;9.9;73;148
3300;Marseille;2004;12;10.1;15.2;4.7;70;131
3301;Lille;2005;1;5.3;11.2;-0.3;59;60
3302;Lille;2005;2;5.2;10.6;0.2;48;65
3303;Lille;2005;3;9.3;15.3;4.3;33;111
3304;Lille;2005;4;11.9;17.9;7.3;34;176
3305;Lille;2005;5;15.8;21.7;11.7;45;176
3306;Lille;2005;6;17.6;22.7;12.5;64;163
3307;Lille;2005;7;21.2;26.9;17.0;69;203
3308;Lille;2005;8;21.7;27.8;17.1;67;140
3309;Lille;2005;9;17.0;22.3;13.0;47;155
3310;Lille;2005;10;12.3;16.8;6.9;64;87
3311;Lille;2005;11;7.4;13.3;2.5;68;48
3312;Lille;2005;12;5.8;12.2;1.4;42;43
3313;Paris;2005;1;5.3;11.7;1.2;56;67
3314;Paris;2005;2;7.0;13.5;2.3;56;62
3315;Paris;2005;3;9.6;14.3;4.0;60;124
3316;Paris;2005;4;13.7;19.3;9.6;40;147
3317;Paris;2005;5;16.0;21.7;11.4;41;219
3318;Paris;2005;6;19.9;25.2;14.7;67;229
3319;Paris;2005;7;22.2;27.9;16.9;58;202
3320;Paris;2005;8;21.7;26.6;16.5;53;229
3321;Paris;2005;9;18.1;23.1;13.0;69;183
3322;Paris;2005;10;13.9;18.5;8.5;75;93
3323;Paris;2005;11;9.7;15.9;4.8;55;69
3324;Paris;2005;12;6.6;11.7;1.0;44;42
3325;Nantes;2005;1;8.2;13.9;3.2;104;64
3326;Nantes;2005;2;8.6;14.5;3.9;67;97
3327;Nantes;2005;3;11.1;16.2;6.2;62;124
3328;Nantes;2005;4;13.0;18.0;7.8;57;186
3329;Nantes;2005;5;15.5;20.4;10.7;71;225
3330;Nantes;2005;6;19.3;24.3;14.3;45;183
3331;Nantes;2005;7;20.7;26.9;15.5;47;235
3332;Nantes;2005;8;23.2;28.6;17.7;54;260
3333;Nantes;2005;9;18.5;24.2;13.7;77;175
3334;Nantes;2005;10;15.5;20.3;10.4;59;129
3335;Nantes;2005;11;11.0;16.9;5.0;78;63
3336;Nantes;2005;12;8.1;14.3;3.5;108;67
3337;Bordeaux;2005;1;6.7;11.2;1.0;58;77
3338;Bordeaux;2005;2;8.1;14.1;2.3;57;99
3339;Bordeaux;2005;3;11.8;17.0;7.5;80;146
3340;Bordeaux;2005;4;16.0;21.3;11.9;69;146
3341;Bordeaux;2005;5;18.5;24.3;13.4;83;231
3342;Bordeaux;2005;6;21.4;27.7;16.0;55;242
3343;Bordeaux;2005;7;23.6;29.5;18.6;36;224
3344;Bordeaux;2005;8;24.2;30.4;19.7;39;225
3345;Bordeaux;2005;9;19.3;24.7;14.7;75;168
3346;Bordeaux;2005;10;16.1;22.1;11.7;67;126
3347;Bordeaux;2005;11;11.1;15.9;6.6;110;85
3348;Bordeaux;2005;12;9.0;13.6;4.4;97;69
3349;Marseille;2005;1;9.8;15.7;5.2;65;173
3350;Marseille;2005;2;10.7;15.2;6.2;37;172
3351;Marseille;2005;3;13.1;18.9;7.1;34;234
3352;Marseille;2005;4;16.2;21.3;11.1;47;224
3353;Marseille;2005;5;19.7;25.5;14.0;21;292
3354;Marseille;2005;6;24.7;30.4;18.8;14;372
3355;Marseille;2005;7;28.0;33.1;23.7;7;395
3356;Marseille;2005;8;27.6;32.4;23.2;19;392
3357;Marseille;2005;9;23.0;27.6;17.8;59;240
3358;Marseille;2005;10;18.2;23.8;12.6;64;171
3359;Marseille;2005;11;13.8;19.2;9.2;65;153
3360;Marseille;2005;12;8.8;15.1;3.9;70;149
3361;Lille;2006;1;4.4;10.3;0.2;59;48
3362;Lille;2006;2;4.3;9.9;-0.6;36;63
3363;Lille;2006;3;8.5;13.6;2.6;36;103
3364;Lille;2006;4;10.7;16.4;4.9;44;170
3365;Lille;2006;5;16.3;22.2;11.9;55;158
3366;Lille;2006;6;19.0;23.7;13.6;53;167
3367;Lille;2006;7;19.5;25.3;15.1;63;209
3368;Lille;2006;8;21.0;27.4;15.7;45;158
3369;Lille;2006;9;17.3;23.2;12.5;71;148
3370;Lille;2006;10;12.2;18.1;6.7;56;72
3371;Lille;2006;11;7.2;13.2;2.7;55;57
3372;Lille;2006;12;6.3;11.9;2.0;66;40
3373;Paris;2006;1;6.6;12.2;0.9;41;50
3374;Paris;2006;2;6.6;11.3;1.8;45;72
3375;Paris;2006;3;8.6;13.3;2.7;44;134
3376;Paris;2006;4;13.4;19.4;7.8;38;174
3377;Paris;2006;5;16.1;20.7;10.1;70;172
3378;Paris;2006;6;20.0;24.6;15.9;50;190
3379;Paris;2006;7;22.0;28.0;17.6;47;205
3380;Paris;2006;8;22.4;28.7;18.1;49;173
3381;Paris;2006;9;17.9;23.7;12.8;69;145
3382;Paris;2006;10;13.1;19.0;7.7;76;88
3383;Paris;2006;11;9.7;15.6;5.7;57;69
3384;Paris;2006;12;6.2;10.8;1.2;42;46
3385;Nantes;2006;1;8.2;14.3;2.6;81;87
3386;Nantes;2006;2;8.4;14.9;3.9;60;78
3387;Nantes;2006;3;11.4;16.9;6.6;54;170
3388;Nantes;2006;4;12.7;18.0;7.0;60;166
3389;Nantes;2006;5;15.9;22.3;11.7;68;207
3390;Nantes;2006;6;19.7;25.0;15.0;55;219
3391;Nantes;2006;7;22.0;27.7;16.6;38;217
3392;Nantes;2006;8;22.6;27.4;18.1;35;245
3393;Nantes;2006;9;17.6;23.8;12.5;50;185
3394;Nantes;2006;10;15.4;21.0;11.0;95;119
3395;Nantes;2006;11;10.0;15.9;4.4;101;70
3396;Nantes;2006;12;8.1;14.0;2.5;78;78
3397;Bordeaux;2006;1;8.1;13.9;3.2;67;79
3398;Bordeaux;2006;2;8.8;15.1;3.7;64;91
3399;Bordeaux;2006;3;12.4;18.4;7.8;75;140
3400;Bordeaux;2006;4;15.9;21.2;10.6;70;145
3401;Bordeaux;2006;5;18.9;24.2;14.1;59;175
3402;Bordeaux;2006;6;21.6;28.0;16.5;53;247
3403;Bordeaux;2006;7;23.2;28.5;17.6;48;302
3404;Bordeaux;2006;8;24.7;29.6;19.1;65;277
3405;Bordeaux;2006;9;19.6;25.4;15.4;59;156
3406;Bordeaux;2006;10;15.5;21.8;9.5;109;134
3407;Bordeaux;2006;11;10.2;16.2;4.8;110;97
3408;Bordeaux;2006;12;9.3;15.3;3.9;74;66
3409;Marseille;2006;1;10.4;16.8;4.5;49;172
3410;Marseille;2006;2;10.3;16.2;4.4;28;189
3411;Marseille;2006;3;13.9;18.7;9.3;33;186
3412;Marseille;2006;4;15.7;20.4;10.7;41;265
3413;Marseille;2006;5;19.2;24.1;14.9;29;306
3414;Marseille;2006;6;23.7;28.8;18.9;22;337
3415;Marseille;2006;7;27.5;33.3;22.3;7;324
3416;Marseille;2006;8;27.8;33.7;22.0;15;404
3417;Marseille;2006;9;23.5;28.3;17.9;35;246
3418;Marseille;2006;10;18.7;23.5;12.9;62;147
3419;Marseille;2006;11;13.4;19.6;8.1;64;149
3420;Marseille;2006;12;9.9;16.3;4.8;72;107
3421;Lille;2007;1;3.4;9.2;-1.6;50;52
3422;Lille;2007;2;6.5;12.7;1.8;48;66
3423;Lille;2007;3;9.0;13.7;3.5;36;128
3424;Lille;2007;4;11.0;16.3;6.9;47;155
3425;Lille;2007;5;16.8;23.0;12.0;37;207
3426;Lille;2007;6;19.2;24.2;14.3;69;170
3427;Lille;2007;7;21.1;27.1;17.0;86;218
3428;Lille;2007;8;21.7;26.6;17.6;50;153
3429;Lille;2007;9;17.8;23.4;11.9;71;127
3430;Lille;2007;10;12.0;17.8;6.3;61;99
3431;Lille;2007;11;7.2;12.8;2.0;60;51
3432;Lille;2007;12;5.1;10.9;-0.7;63;43
3433;Paris;2007;1;7.4;13.6;1.4;66;69
3434;Paris;2007;2;6.5;12.0;1.7;50;65
3435;Paris;2007;3;9.9;14.4;5.3;50;132
3436;Paris;2007;4;12.8;18.1;8.3;50;132
3437;Paris;2007;5;17.3;23.2;12.9;50;214
3438;Paris;2007;6;20.2;26.1;14.6;53;225
3439;Paris;2007;7;22.7;27.4;17.7;51;183
3440;Paris;2007;8;21.5;26.3;15.5;43;178
3441;Paris;2007;9;17.7;23.9;12.3;56;159
3442;Paris;2007;10;14.1;20.1;8.7;46;94
3443;Paris;2007;11;8.7;14.5;3.0;49;58
3444;Paris;2007;12;8.0;13.9;3.8;62;51
3445;Nantes;2007;1;7.2;13.4;1.9;93;77
3446;Nantes;2007;2;7.9;13.7;2.1;78;80
3447;Nantes;2007;3;9.8;15.4;4.8;49;143
3448;Nantes;2007;4;14.1;19.6;8.6;67;180
3449;Nantes;2007;5;16.7;22.1;12.5;44;237
3450;Nantes;2007;6;19.7;25.2;15.1;47;213
3451;Nantes;2007;7;21.5;26.3;17.1;37;265
3452;Nantes;2007;8;21.3;27.5;17.0;44;199
3453;Nantes;2007;9;17.5;23.4;12.5;45;176
3454;Nantes;2007;10;13.8;19.0;8.5;92;104
3455;Nantes;2007;11;10.1;14.8;5.6;79;76
3456;Nantes;2007;12;8.5;13.2;4.2;93;69
3457;Bordeaux;2007;1;7.1;11.8;1.2;71;76
3458;Bordeaux;2007;2;8.2;13.2;2.8;76;92
3459;Bordeaux;2007;3;10.5;15.6;5.1;85;152
3460;Bordeaux;2007;4;15.6;20.5;11.4;74;174
3461;Bordeaux;2007;5;17.6;23.5;12.4;56;242
3462;Bordeaux;2007;6;21.6;27.3;16.4;55;198
3463;Bordeaux;2007;7;23.8;28.8;18.1;34;220
3464;Bordeaux;2007;8;23.8;29.9;19.7;53;252
3465;Bordeaux;2007;9;21.6;26.7;17.4;60;223
3466;Bordeaux;2007;10;15.6;20.3;11.5;71;105
3467;Bordeaux;2007;11;10.8;16.9;5.1;110;95
3468;Bordeaux;2007;12;9.5;15.7;4.0;87;80
3469;Marseille;2007;1;9.3;14.5;4.8;43;153
3470;Marseille;2007;2;11.3;17.2;7.0;31;141
3471;Marseille;2007;3;13.0;18.2;8.3;37;181
3472;Marseille;2007;4;15.8;21.2;9.9;39;183
3473;Marseille;2007;5;20.6;26.4;15.6;24;294
3474;Marseille;2007;6;24.7;30.2;20.4;22;329
3475;Marseille;2007;7;27.6;33.8;21.7;6;357
3476;Marseille;2007;8;27.4;31.9;22.6;17;335
3477;Marseille;2007;9;23.6;29.2;19.5;52;278
3478;Marseille;2007;10;18.6;23.5;14.0;56;200
3479;Marseille;2007;11;13.6;19.1;8.0;66;112
3480;Marseille;2007;12;10.9;16.4;5.4;54;104
3481;Lille;2008;1;4.1;9.0;-0.6;61;56
3482;Lille;2008;2;4.3;9.9;-1.5;37;72
3483;Lille;2008;3;9.5;15.8;5.0;43;130
3484;Lille;2008;4;12.1;17.2;6.5;32;160
3485;Lille;2008;5;15.3;20.7;10.2;43;148
3486;Lille;2008;6;20.1;24.7;14.1;55;223
3487;Lille;2008;7;20.4;25.1;15.7;53;170
3488;Lille;2008;8;20.2;25.0;15.6;75;188
3489;Lille;2008;9;16.5;22.9;11.5;53;118
3490;Lille;2008;10;12.7;18.7;7.5;80;79
3491;Lille;2008;11;7.1;13.2;1.8;44;58
3492;Lille;2008;12;6.5;11.5;1.7;74;40
3493;Paris;2008;1;7.0;12.2;1.6;61;59
3494;Paris;2008;2;6.8;11.8;2.2;33;81
3495;Paris;2008;3;9.0;15.0;4.8;36;124
3496;Paris;2008;4;13.6;19.1;8.0;41;134
3497;Paris;2008;5;17.3;21.9;11.7;52;231
3498;Paris;2008;6;19.6;26.0;15.4;66;229
3499;Paris;2008;7;22.5;28.0;17.0;77;214
3500;Paris;2008;8;21.1;27.1;16.8;45;226
3501;Paris;2008;9;17.5;22.8;13.0;64;185
3502;Paris;2008;10;15.6;20.7;10.2;61;87
3503;Paris;2008;11;8.6;14.9;3.3;65;57
3504;Paris;2008;12;5.1;9.7;-0.7;67;42
3505;Nantes;2008;1;8.6;14.2;4.2;101;61
3506;Nantes;2008;2;8.4;13.2;4.1;48;82
3507;Nantes;2008;3;10.9;17.1;5.6;66;142
3508;Nantes;2008;4;12.9;17.9;7.3;51;152
3509;Nantes;2008;5;18.1;24.1;13.0;48;204
3510;Nantes;2008;6;19.2;24.6;14.2;34;202
3511;Nantes;2008;7;21.3;25.9;16.5;52;277
3512;Nantes;2008;8;22.2;28.1;16.8;41;232
3513;Nantes;2008;9;16.4;21.2;11.5;46;161
3514;Nantes;2008;10;15.1;20.4;10.3;94;88
3515;Nantes;2008;11;9.4;14.4;4.3;76;86
3516;Nantes;2008;12;7.9;13.0;2.9;101;73
3517;Bordeaux;2008;1;7.5;12.7;3.2;95;81
3518;Bordeaux;2008;2;10.2;15.9;4.6;57;111
3519;Bordeaux;2008;3;11.9;17.2;6.6;53;177
3520;Bordeaux;2008;4;14.5;20.4;8.8;53;200
3521;Bordeaux;2008;5;18.3;24.2;13.9;59;184
3522;Bordeaux;2008;6;21.3;27.2;16.0;46;262
3523;Bordeaux;2008;7;25.0;29.5;19.3;35;284
3524;Bordeaux;2008;8;24.3;30.0;19.7;45;298
3525;Bordeaux;2008;9;19.4;24.4;14.2;66;211
3526;Bordeaux;2008;10;16.2;20.8;10.9;76;134
3527;Bordeaux;2008;11;10.2;14.7;5.5;74;89
3528;Bordeaux;2008;12;7.6;12.9;2.4;84;78
3529;Marseille;2008;1;9.2;14.1;4.6;41;138
3530;Marseille;2008;2;11.7;17.5;7.4;40;143
3531;Marseille;2008;3;13.2;19.5;7.8;31;209
3532;Marseille;2008;4;16.5;22.9;10.9;49;191
3533;Marseille;2008;5;19.4;25.3;14.6;22;264
3534;Marseille;2008;6;24.4;29.5;19.8;19;364
3535;Marseille;2008;7;27.8;34.1;22.7;8;333
3536;Marseille;2008;8;26.0;31.0;20.5;21;303
3537;Marseille;2008;9;22.7;28.7;17.6;46;229
3538;Marseille;2008;10;18.0;23.0;12.1;66;167
3539;Marseille;2008;11;13.7;19.2;8.8;74;149
3540;Marseille;2008;12;9.7;15.8;5.5;61;135
3541;Lille;2009;1;5.8;10.6;0.5;56;56
3542;Lille;2009;2;4.6;9.2;0.6;31;56
3543;Lille;2009;3;8.2;12.8;4.0;32;128
3544;Lille;2009;4;11.3;17.0;6.6;37;138
3545;Lille;2009;5;16.3;22.5;11.9;67;211
3546;Lille;2009;6;17.9;22.5;13.0;63;187
3547;Lille;2009;7;19.9;26.3;14.7;64;154
3548;Lille;2009;8;20.0;25.7;15.0;60;162
3549;Lille;2009;9;17.5;22.9;12.9;52;132
3550;Lille;2009;10;11.2;17.3;7.1;54;96
3551;Lille;2009;11;8.1;13.7;2.4;55;50
3552;Lille;2009;12;4.8;11.1;-0.6;58;39
3553;Paris;2009;1;7.2;13.3;2.2;61;59
3554;Paris;2009;2;6.3;11.5;0.4;38;75
3555;Paris;2009;3;10.6;16.8;6.2;37;139
3556;Paris;2009;4;12.8;18.4;8.0;40;166
3557;Paris;2009;5;18.3;24.7;13.6;40;167
3558;Paris;2009;6;20.2;26.1;14.4;47;178
3559;Paris;2009;7;21.6;26.3;16.8;52;251
3560;Paris;2009;8;22.6;27.9;17.7;63;202
3561;Paris;2009;9;17.6;22.3;11.9;41;140
3562;Paris;2009;10;13.5;19.0;9.3;67;121
3563;Paris;2009;11;9.6;14.8;4.8;48;70
3564;Paris;2009;12;7.7;12.3;1.7;73;57
3565;Nantes;2009;1;7.2;13.0;1.7;83;80
3566;Nantes;2009;2;8.3;13.5;3.3;82;86
3567;Nantes;2009;3;10.4;15.2;5.3;73;154
3568;Nantes;2009;4;11.9;16.6;6.2;63;204
3569;Nantes;2009;5;18.1;23.0;14.0;40;235
3570;Nantes;2009;6;20.4;25.4;16.1;33;172
3571;Nantes;2009;7;22.1;26.8;16.9;31;242
3572;Nantes;2009;8;21.7;27.3;17.6;38;234
3573;Nantes;2009;9;18.2;24.5;12.3;63;143
3574;Nantes;2009;10;14.9;20.4;9.3;93;96
3575;Nantes;2009;11;10.0;14.9;4.6;59;80
3576;Nantes;2009;12;8.3;13.0;3.5;64;61
3577;Bordeaux;2009;1;9.2;14.4;4.7;75;78
3578;Bordeaux;2009;2;8.3;12.9;3.8;72;114
3579;Bordeaux;2009;3;13.7;19.0;9.3;87;175
3580;Bordeaux;2009;4;14.7;19.6;9.7;83;189
3581;Bordeaux;2009;5;19.4;25.7;15.4;82;235
3582;Bordeaux;2009;6;20.8;27.1;15.5;64;270
3583;Bordeaux;2009;7;23.5;29.2;19.3;54;263
3584;Bordeaux;2009;8;23.2;29.5;18.9;66;262
3585;Bordeaux;2009;9;20.2;26.1;14.6;84;203
3586;Bordeaux;2009;10;14.6;19.8;10.2;65;118
3587;Bordeaux;2009;11;11.1;17.0;7.0;98;78
3588;Bordeaux;2009;12;8.0;14.2;3.4;69;81
3589;Marseille;2009;1;8.9;13.6;3.9;43;178
3590;Marseille;2009;2;10.2;15.4;4.6;36;141
3591;Marseille;2009;3;12.5;17.2;7.4;29;229
3592;Marseille;2009;4;16.6;21.5;12.1;28;192
3593;Marseille;2009;5;20.4;26.3;15.3;20;229
3594;Marseille;2009;6;24.2;30.6;19.7;20;351
3595;Marseille;2009;7;29.0;33.9;23.6;6;391
3596;Marseille;2009;8;25.1;30.2;20.2;17;321
3597;Marseille;2009;9;23.6;28.2;18.8;38;271
3598;Marseille;2009;10;20.6;25.8;15.1;92;144
3599;Marseille;2009;11;14.6;19.2;9.4;64;151
3600;Marseille;2009;12;10.1;16.0;5.8;48;148
3601;Lille;2010;1;4.7;9.4;-1.2;37;50
3602;Lille;2010;2;5.6;10.7;-0.1;50;58
3603;Lille;2010;3;8.3;14.2;2.4;34;110
3604;Lille;2010;4;11.8;17.3;6.3;37;138
3605;Lille;2010;5;15.4;21.0;9.6;49;197
3606;Lille;2010;6;18.3;24.5;12.7;67;156
3607;Lille;2010;7;21.4;26.9;16.2;84;204
3608;Lille;2010;8;21.4;26.7;17.0;78;153
3609;Lille;2010;9;17.0;21.8;11.7;52;151
3610;Lille;2010;10;12.9;18.8;8.1;77;97
3611;Lille;2010;11;8.3;14.0;2.5;73;61
3612;Lille;2010;12;6.2;12.4;1.2;69;33
3613;Paris;2010;1;5.9;10.9;0.8;61;72
3614;Paris;2010;2;6.3;12.4;1.1;36;65
3615;Paris;2010;3;11.8;17.8;7.6;38;106
3616;Paris;2010;4;14.1;19.3;8.3;37;169
3617;Paris;2010;5;17.3;21.8;11.7;59;227
3618;Paris;2010;6;19.4;25.4;14.6;60;208
3619;Paris;2010;7;22.8;28.7;17.4;77;230
3620;Paris;2010;8;21.5;26.3;16.1;43;231
3621;Paris;2010;9;19.1;25.5;14.2;43;188
3622;Paris;2010;10;13.3;18.1;8.9;52;101
3623;Paris;2010;11;9.5;14.2;4.3;61;70
3624;Paris;2010;12;6.4;11.2;0.9;46;51
3625;Nantes;2010;1;7.5;13.9;1.9;93;71
3626;Nantes;2010;2;8.1;14.3;3.9;64;80
3627;Nantes;2010;3;11.0;16.6;5.6;77;154
3628;Nantes;2010;4;13.7;19.1;9.2;59;156
3629;Nantes;2010;5;15.8;22.1;11.6;66;204
3630;Nantes;2010;6;18.1;23.3;12.2;41;223
3631;Nantes;2010;7;22.2;27.6;16.3;37;192
3632;Nantes;2010;8;23.3;28.7;18.4;46;188
3633;Nantes;2010;9;18.7;23.6;14.2;76;177
3634;Nantes;2010;10;15.9;21.2;11.0;83;98
3635;Nantes;2010;11;9.7;15.8;4.3;74;76
3636;Nantes;2010;12;9.4;14.5;3.7;71;72
3637;Bordeaux;2010;1;9.6;14.5;4.5;85;74
3638;Bordeaux;2010;2;9.3;13.8;4.3;78;112
3639;Bordeaux;2010;3;10.5;16.2;6.4;67;129
3640;Bordeaux;2010;4;14.9;19.7;10.0;76;154
3641;Bordeaux;2010;5;18.3;24.5;12.9;74;246
3642;Bordeaux;2010;6;22.0;27.7;17.2;59;213
3643;Bordeaux;2010;7;24.3;30.2;19.4;48;293
3644;Bordeaux;2010;8;23.6;28.6;18.6;55;294
3645;Bordeaux;2010;9;20.8;25.8;16.4;93;213
3646;Bordeaux;2010;10;15.6;21.7;9.8;89;125
3647;Bordeaux;2010;11;11.4;16.2;6.5;75;90
3648;Bordeaux;2010;12;9.0;15.3;3.4;79;82
3649;Marseille;2010;1;8.1;14.0;3.9;58;141
3650;Marseille;2010;2;10.7;16.4;4.8;40;166
3651;Marseille;2010;3;14.4;20.3;9.9;43;239
3652;Marseille;2010;4;17.5;24.0;11.6;40;245
3653;Marseille;2010;5;20.9;27.1;16.0;29;322
3654;Marseille;2010;6;24.4;28.9;19.3;21;358
3655;Marseille;2010;7;28.1;34.1;23.9;8;426
3656;Marseille;2010;8;27.4;32.4;23.4;20;381
3657;Marseille;2010;9;23.0;27.5;17.4;61;287
3658;Marseille;2010;10;18.3;23.2;13.0;89;202
3659;Marseille;2010;11;14.5;19.8;10.2;62;136
3660;Marseille;2010;12;10.2;16.5;5.5;47;114
3661;Lille;2011;1;4.3;9.1;-1.4;43;44
3662;Lille;2011;2;6.1;11.2;0.6;48;76
3663;Lille;2011;3;9.5;14.3;3.5;48;112
3664;Lille;2011;4;11.2;16.0;6.1;34;169
3665;Lille;2011;5;15.6;21.4;11.2;57;168
3666;Lille;2011;6;19.1;24.6;13.5;66;190
3667;Lille;2011;7;20.8;25.5;14.8;70;171
3668;Lille;2011;8;19.7;25.4;14.3;47;159
3669;Lille;2011;9;17.5;23.6;11.8;65;127
3670;Lille;2011;10;12.9;17.7;8.9;79;82
3671;Lille;2011;11;7.6;13.2;2.9;56;42
3672;Lille;2011;12;7.3;13.5;1.6;56;40
3673;Paris;2011;1;7.2;13.5;2.5;37;62
3674;Paris;2011;2;8.0;13.3;2.2;36;68
3675;Paris;2011;3;9.3;14.1;3.4;56;123
3676;Paris;2011;4;13.4;19.8;7.9;64;169
3677;Paris;2011;5;17.6;23.7;13.2;72;158
3678;Paris;2011;6;21.2;25.8;16.8;59;183
3679;Paris;2011;7;22.4;28.3;16.4;56;196
3680;Paris;2011;8;22.4;28.8;17.7;56;206
3681;Paris;2011;9;18.6;23.8;13.2;70;183
3682;Paris;2011;10;15.6;20.7;9.8;42;120
3683;Paris;2011;11;10.5;15.9;4.8;51;55
3684;Paris;2011;12;6.4;11.0;1.3;54;46
3685;Nantes;2011;1;8.1;14.1;3.6;102;89
3686;Nantes;2011;2;8.7;14.9;4.1;75;106
3687;Nantes;2011;3;10.3;15.3;5.0;74;160
3688;Nantes;2011;4;13.3;18.7;8.2;41;145
3689;Nantes;2011;5;16.5;23.0;11.3;71;201
3690;Nantes;2011;6;19.9;25.9;14.7;57;232
3691;Nantes;2011;7;21.6;26.7;16.7;31;268
3692;Nantes;2011;8;22.4;28.7;16.5;43;190
3693;Nantes;2011;9;18.7;23.5;14.7;49;144
3694;Nantes;2011;10;14.3;19.6;9.6;68;115
3695;Nantes;2011;11;10.1;15.5;4.8;74;64
3696;Nantes;2011;12;7.0;11.7;1.3;63;61
3697;Bordeaux;2011;1;8.8;13.7;3.2;82;85
3698;Bordeaux;2011;2;8.8;14.0;3.6;84;112
3699;Bordeaux;2011;3;12.0;17.0;7.2;82;146
3700;Bordeaux;2011;4;12.8;18.3;7.2;50;156
3701;Bordeaux;2011;5;18.6;24.6;13.1;75;178
3702;Bordeaux;2011;6;21.8;26.6;17.5;48;211
3703;Bordeaux;2011;7;22.9;28.9;18.8;47;255
3704;Bordeaux;2011;8;23.7;28.8;18.9;47;284
3705;Bordeaux;2011;9;21.2;26.6;15.3;76;204
3706;Bordeaux;2011;10;15.7;21.2;10.9;87;122
3707;Bordeaux;2011;11;11.0;16.4;6.9;89;87
3708;Bordeaux;2011;12;10.4;14.9;6.4;66;68
3709;Marseille;2011;1;9.9;14.6;5.7;40;158
3710;Marseille;2011;2;11.6;17.2;7.4;30;168
3711;Marseille;2011;3;14.4;20.3;10.0;44;208
3712;Marseille;2011;4;16.7;23.1;11.5;28;214
3713;Marseille;2011;5;19.7;24.9;15.3;29;242
3714;Marseille;2011;6;24.8;30.6;19.3;22;339
3715;Marseille;2011;7;28.9;35.2;24.1;7;315
3716;Marseille;2011;8;26.4;31.2;21.5;20;368
3717;Marseille;2011;9;22.7;27.6;18.6;46;203
3718;Marseille;2011;10;18.3;23.5;13.6;50;188
3719;Marseille;2011;11;12.5;17.7;7.5;57;111
3720;Marseille;2011;12;8.7;14.0;2.9;47;121
3721;Lille;2012;1;5.7;10.7;0.7;60;53
3722;Lille;2012;2;5.1;10.5;0.0;43;71
3723;Lille;2012;3;8.0;12.7;2.0;38;131
3724;Lille;2012;4;11.5;16.2;6.5;49;162
3725;Lille;2012;5;15.2;21.7;10.4;49;192
3726;Lille;2012;6;18.4;24.1;13.7;52;165
3727;Lille;2012;7;19.9;25.2;15.9;74;183
3728;Lille;2012;8;19.9;25.6;14.0;72;164
3729;Lille;2012;9;17.3;22.9;11.5;55;108
3730;Lille;2012;10;12.9;18.4;8.2;48;93
3731;Lille;2012;11;7.4;13.8;2.7;57;53
3732;Lille;2012;12;7.4;12.9;1.4;63;36
3733;Paris;2012;1;6.7;12.7;0.8;66;70
3734;Paris;2012;2;7.5;13.8;2.9;37;86
3735;Paris;2012;3;10.5;16.6;5.8;50;126
3736;Paris;2012;4;12.5;17.9;7.4;39;152
3737;Paris;2012;5;17.6;23.9;11.7;58;232
3738;Paris;2012;6;20.9;27.3;16.2;54;179
3739;Paris;2012;7;22.3;27.6;16.4;46;246
3740;Paris;2012;8;22.3;28.7;18.1;67;217
3741;Paris;2012;9;17.9;23.7;13.7;65;143
3742;Paris;2012;10;13.2;19.3;9.2;61;89
3743;Paris;2012;11;9.6;14.5;4.5;46;69
3744;Paris;2012;12;7.4;12.2;2.3;69;43
3745;Nantes;2012;1;7.8;13.5;2.8;60;86
3746;Nantes;2012;2;8.1;12.8;3.1;75;72
3747;Nantes;2012;3;9.9;14.4;5.7;77;146
3748;Nantes;2012;4;13.0;18.0;8.3;46;202
3749;Nantes;2012;5;17.9;23.8;12.4;46;178
3750;Nantes;2012;6;20.6;25.5;14.7;38;233
3751;Nantes;2012;7;21.9;27.8;17.2;31;230
3752;Nantes;2012;8;21.7;28.1;17.3;32;229
3753;Nantes;2012;9;18.7;24.8;13.3;53;153
3754;Nantes;2012;10;14.4;20.4;8.7;105;121
3755;Nantes;2012;11;10.7;17.0;5.7;107;80
3756;Nantes;2012;12;7.3;13.6;3.1;88;71
3757;Bordeaux;2012;1;7.6;12.2;1.8;99;92
3758;Bordeaux;2012;2;8.8;14.3;4.7;68;91
3759;Bordeaux;2012;3;12.3;18.3;7.3;57;120
3760;Bordeaux;2012;4;15.4;21.6;10.7;59;158
3761;Bordeaux;2012;5;17.1;21.7;12.8;83;214
3762;Bordeaux;2012;6;21.8;27.7;16.6;48;232
3763;Bordeaux;2012;7;24.8;30.8;20.0;49;267
3764;Bordeaux;2012;8;24.5;29.6;20.2;69;265
3765;Bordeaux;2012;9;20.2;24.8;15.8;54;223
3766;Bordeaux;2012;10;16.0;20.6;10.5;109;112
3767;Bordeaux;2012;11;10.0;15.4;4.9;94;74
3768;Bordeaux;2012;12;8.7;13.2;3.6;83;78
3769;Marseille;2012;1;9.0;14.5;3.3;56;161
3770;Marseille;2012;2;11.0;17.3;6.9;28;142
3771;Marseille;2012;3;13.3;19.3;8.7;40;211
3772;Marseille;2012;4;16.4;21.9;12.3;49;209
3773;Marseille;2012;5;20.7;25.9;16.1;35;310
3774;Marseille;2012;6;23.7;29.0;19.7;13;338
3775;Marseille;2012;7;27.8;32.5;22.5;5;445
3776;Marseille;2012;8;27.7;32.7;23.5;14;319
3777;Marseille;2012;9;23.7;29.4;19.2;47;272
3778;Marseille;2012;10;19.1;24.6;14.6;52;152
3779;Marseille;2012;11;15.0;20.4;9.2;63;129
3780;Marseille;2012;12;10.9;16.7;5.2;63;121
3781;Lille;2013;1;4.6;10.3;-0.0;49;43
3782;Lille;2013;2;5.3;11.3;-0.1;54;74
3783;Lille;2013;3;8.3;14.1;3.3;46;102
3784;Lille;2013;4;12.1;17.1;6.2;36;156
3785;Lille;2013;5;16.0;21.8;10.8;66;213
3786;Lille;2013;6;19.1;24.3;14.1;44;164
3787;Lille;2013;7;21.3;26.7;16.0;84;195
3788;Lille;2013;8;21.1;26.4;17.0;60;141
3789;Lille;2013;9;17.6;23.3;13.1;43;140
3790;Lille;2013;10;13.2;19.3;7.2;63;85
3791;Lille;2013;11;8.8;14.0;3.8;71;56
3792;Lille;2013;12;4.8;10.6;-1.2;51;42
3793;Paris;2013;1;6.5;11.5;1.6;52;61
3794;Paris;2013;2;6.4;11.3;2.2;30;62
3795;Paris;2013;3;10.3;16.4;6.2;49;122
3796;Paris;2013;4;13.6;18.5;8.2;52;190
3797;Paris;2013;5;17.7;22.9;12.5;61;195
3798;Paris;2013;6;21.2;25.8;15.6;53;185
3799;Paris;2013;7;21.9;27.5;16.9;44;184
3800;Paris;2013;8;21.4;27.7;16.2;52;222
3801;Paris;2013;9;18.9;23.6;14.6;43;138
3802;Paris;2013;10;13.2;17.9;8.3;57;128
3803;Paris;2013;11;8.8;15.0;4.4;45;70
3804;Paris;2013;12;7.3;13.6;3.0;60;56
3805;Nantes;2013;1;9.4;14.4;4.8;95;75
3806;Nantes;2013;2;8.7;14.2;2.7;61;100
3807;Nantes;2013;3;10.3;16.4;5.1;53;141
3808;Nantes;2013;4;14.8;19.6;10.6;40;185
3809;Nantes;2013;5;17.8;23.1;12.1;50;233
3810;Nantes;2013;6;19.2;25.4;14.0;42;182
3811;Nantes;2013;7;22.3;27.3;17.8;28;197
3812;Nantes;2013;8;24.0;29.9;19.1;35;193
3813;Nantes;2013;9;18.0;24.4;13.9;69;190
3814;Nantes;2013;10;13.8;19.4;8.1;90;123
3815;Nantes;2013;11;10.1;16.2;5.1;101;60
3816;Nantes;2013;12;6.5;12.7;0.7;93;56
3817;Bordeaux;2013;1;9.0;14.5;3.7;57;85
3818;Bordeaux;2013;2;10.0;15.2;5.2;72;87
3819;Bordeaux;2013;3;11.8;16.5;6.4;71;160
3820;Bordeaux;2013;4;15.7;20.9;10.1;63;160
3821;Bordeaux;2013;5;19.2;25.5;14.1;79;233
3822;Bordeaux;2013;6;22.5;27.6;18.2;59;226
3823;Bordeaux;2013;7;24.4;29.0;19.0;43;254
3824;Bordeaux;2013;8;24.1;29.9;18.9;59;253
3825;Bordeaux;2013;9;20.0;25.1;14.4;59;210
3826;Bordeaux;2013;10;15.4;21.2;10.9;107;114
3827;Bordeaux;2013;11;9.7;14.2;4.0;70;95
3828;Bordeaux;2013;12;8.0;14.0;2.5;78;61
3829;Marseille;2013;1;9.0;14.3;4.1;55;141
3830;Marseille;2013;2;11.6;16.3;5.8;48;158
3831;Marseille;2013;3;13.9;18.8;9.8;49;213
3832;Marseille;2013;4;16.9;23.4;12.0;45;201
3833;Marseille;2013;5;20.0;26.1;15.8;25;241
3834;Marseille;2013;6;23.7;30.1;19.4;13;318
3835;Marseille;2013;7;27.0;32.3;21.3;7;384
3836;Marseille;2013;8;27.7;33.8;23.3;11;395
3837;Marseille;2013;9;23.4;29.3;18.7;45;209
3838;Marseille;2013;10;19.6;25.5;14.9;92;147
3839;Marseille;2013;11;13.6;19.6;8.2;54;154
3840;Marseille;2013;12;9.8;16.3;5.2;70;111
3841;Lille;2014;1;4.6;9.4;-0.8;65;54
3842;Lille;2014;2;5.8;11.7;1.6;55;71
3843;Lille;2014;3;8.4;13.3;4.1;35;106
3844;Lille;2014;4;11.7;16.5;6.1;31;141
3845;Lille;2014;5;15.7;21.5;10.3;44;215
3846;Lille;2014;6;18.4;24.1;12.8;61;156
3847;Lille;2014;7;20.9;27.1;15.9;89;167
3848;Lille;2014;8;21.5;26.7;16.0;46;201
3849;Lille;2014;9;17.7;22.3;12.9;50;135
3850;Lille;2014;10;13.5;18.8;8.4;82;79
3851;Lille;2014;11;7.2;13.2;3.0;62;51
3852;Lille;2014;12;5.9;11.0;1.1;50;45
3853;Paris;2014;1;5.6;10.2;0.1;53;64
3854;Paris;2014;2;8.4;13.5;2.5;44;72
3855;Paris;2014;3;10.2;15.4;5.8;45;121
3856;Paris;2014;4;13.7;19.9;9.2;43;166
3857;Paris;2014;5;17.4;22.4;12.3;68;198
3858;Paris;2014;6;20.0;25.9;14.5;43;220
3859;Paris;2014;7;22.5;28.5;18.0;63;215
3860;Paris;2014;8;22.1;28.3;17.8;49;166
3861;Paris;2014;9;17.9;23.1;13.6;69;143
3862;Paris;2014;10;13.4;18.9;8.2;61;117
3863;Paris;2014;11;10.2;16.0;5.4;61;74
3864;Paris;2014;12;6.7;11.8;1.9;59;57
3865;Nantes;2014;1;8.1;13.4;2.8;85;63
3866;Nantes;2014;2;7.6;13.4;2.5;66;78
3867;Nantes;2014;3;11.0;16.2;6.5;80;171
3868;Nantes;2014;4;13.7;19.2;8.7;45;192
3869;Nantes;2014;5;16.0;20.8;10.8;43;190
3870;Nantes;2014;6;18.9;24.5;14.3;52;178
3871;Nantes;2014;7;22.7;28.1;18.1;34;221
3872;Nantes;2014;8;20.8;25.7;16.5;48;261
3873;Nantes;2014;9;18.5;24.8;13.2;71;180
3874;Nantes;2014;10;14.3;20.6;10.2;106;96
3875;Nantes;2014;11;10.2;16.3;5.8;107;78
3876;Nantes;2014;12;8.3;13.9;4.0;83;54
3877;Bordeaux;2014;1;8.6;14.8;4.2;70;74
3878;Bordeaux;2014;2;8.1;14.0;3.7;85;79
3879;Bordeaux;2014;3;13.3;18.1;7.6;86;137
3880;Bordeaux;2014;4;16.0;22.2;10.7;72;195
3881;Bordeaux;2014;5;18.6;23.5;14.0;62;210
3882;Bordeaux;2014;6;20.7;26.9;15.4;72;279
3883;Bordeaux;2014;7;23.0;27.9;18.5;40;299
3884;Bordeaux;2014;8;24.2;29.3;18.9;46;285
3885;Bordeaux;2014;9;20.0;25.2;14.6;60;190
3886;Bordeaux;2014;10;15.6;21.4;10.1;110;144
3887;Bordeaux;2014;11;11.4;17.1;6.8;91;79
3888;Bordeaux;2014;12;7.9;12.6;2.9;91;78
3889;Marseille;2014;1;10.3;16.0;4.4;64;134
3890;Marseille;2014;2;10.3;15.5;4.8;42;131
3891;Marseille;2014;3;13.9;19.0;8.5;46;221
3892;Marseille;2014;4;16.3;20.8;11.3;31;231
3893;Marseille;2014;5;19.5;24.3;13.6;36;293
3894;Marseille;2014;6;24.2;29.9;19.3;14;366
3895;Marseille;2014;7;27.0;31.6;22.9;6;384
3896;Marseille;2014;8;26.3;31.5;21.1;13;348
3897;Marseille;2014;9;23.7;28.5;19.4;53;233
3898;Marseille;2014;10;18.7;24.3;12.7;84;196
3899;Marseille;2014;11;14.7;20.0;9.7;80;105
3900;Marseille;2014;12;10.8;17.2;5.1;45;125
3901;Lille;2015;1;5.7;10.8;1.7;38;51
3902;Lille;2015;2;6.1;11.5;1.2;45;61
3903;Lille;2015;3;9.4;14.0;4.0;42;120
3904;Lille;2015;4;11.3;16.5;6.9;34;168
3905;Lille;2015;5;16.2;21.6;10.9;64;144
3906;Lille;2015;6;19.0;24.5;14.4;42;212
3907;Lille;2015;7;20.3;26.7;15.8;83;186
3908;Lille;2015;8;19.7;25.0;15.5;44;181
3909;Lille;2015;9;17.5;23.9;13.0;63;156
3910;Lille;2015;10;12.2;17.7;7.8;55;88
3911;Lille;2015;11;8.1;13.1;3.8;55;58
3912;Lille;2015;12;5.6;10.8;1.4;63;41
3913;Paris;2015;1;7.0;12.2;1.0;67;56
3914;Paris;2015;2;7.9;14.0;3.4;45;83
3915;Paris;2015;3;11.1;15.7;6.8;47;111
3916;Paris;2015;4;14.0;19.7;8.7;51;195
3917;Paris;2015;5;17.7;23.7;13.4;45;205
3918;Paris;2015;6;19.3;24.7;14.3;61;205
3919;Paris;2015;7;22.9;28.8;18.8;79;209
3920;Paris;2015;8;22.6;27.5;17.2;44;207
3921;Paris;2015;9;18.1;22.8;12.1;51;143
3922;Paris;2015;10;14.9;21.3;9.1;72;92
3923;Paris;2015;11;9.2;14.1;3.9;44;60
3924;Paris;2015;12;6.5;11.1;1.0;42;40
3925;Nantes;2015;1;6.9;12.8;1.5;74;88
3926;Nantes;2015;2;6.9;11.7;1.6;50;96
3927;Nantes;2015;3;10.9;17.1;6.7;62;129
3928;Nantes;2015;4;13.6;18.7;7.7;49;148
3929;Nantes;2015;5;17.0;22.3;11.2;68;217
3930;Nantes;2015;6;21.0;26.7;15.6;46;192
3931;Nantes;2015;7;20.7;26.9;15.7;41;239
3932;Nantes;2015;8;22.2;27.0;16.9;31;192
3933;Nantes;2015;9;18.3;23.5;13.5;58;168
3934;Nantes;2015;10;14.4;20.9;9.0;59;119
3935;Nantes;2015;11;10.2;16.3;4.5;81;77
3936;Nantes;2015;12;8.5;13.1;4.5;91;72
3937;Bordeaux;2015;1;9.4;14.6;3.6;79;77
3938;Bordeaux;2015;2;9.4;15.5;5.0;75;82
3939;Bordeaux;2015;3;10.1;15.7;5.1;88;125
3940;Bordeaux;2015;4;15.3;21.8;10.8;52;141
3941;Bordeaux;2015;5;17.5;22.2;12.0;54;228
3942;Bordeaux;2015;6;22.5;28.9;17.2;71;220
3943;Bordeaux;2015;7;24.4;30.2;20.1;54;287
3944;Bordeaux;2015;8;23.6;30.1;18.0;62;271
3945;Bordeaux;2015;9;20.1;24.7;14.3;54;216
3946;Bordeaux;2015;10;15.4;20.0;9.5;102;112
3947;Bordeaux;2015;11;8.9;15.0;3.9;76;75
3948;Bordeaux;2015;12;7.9;13.7;2.8;85;58
3949;Marseille;2015;1;9.7;16.0;4.4;62;157
3950;Marseille;2015;2;11.2;15.8;5.7;48;160
3951;Marseille;2015;3;15.1;21.5;9.4;30;225
3952;Marseille;2015;4;17.2;23.2;12.2;31;205
3953;Marseille;2015;5;20.2;26.7;15.6;27;288
3954;Marseille;2015;6;24.7;29.4;19.7;14;387
3955;Marseille;2015;7;27.1;33.2;21.7;5;442
3956;Marseille;2015;8;26.4;31.2;21.4;18;298
3957;Marseille;2015;9;24.2;29.6;19.5;50;268
3958;Marseille;2015;10;19.4;25.3;15.0;56;175
3959;Marseille;2015;11;13.7;19.5;9.1;73;144
3960;Marseille;2015;12;10.3;16.0;5.3;66;114
3961;Lille;2016;1;4.3;8.9;-1.6;49;59
3962;Lille;2016;2;5.2;9.8;0.8;39;64
3963;Lille;2016;3;8.3;13.3;2.7;35;94
3964;Lille;2016;4;12.8;17.9;8.8;44;138
3965;Lille;2016;5;15.7;21.9;11.0;53;150
3966;Lille;2016;6;18.7;24.2;13.2;67;169
3967;Lille;2016;7;20.2;25.8;15.1;68;169
3968;Lille;2016;8;20.9;26.2;16.4;45;162
3969;Lille;2016;9;18.1;23.5;12.3;68;126
3970;Lille;2016;10;11.4;17.8;5.5;55;76
3971;Lille;2016;11;8.1;13.6;4.0;67;60
3972;Lille;2016;12;5.5;11.8;0.8;71;34
3973;Paris;2016;1;7.3;12.2;2.6;37;70
3974;Paris;2016;2;6.5;12.5;0.6;45;81
3975;Paris;2016;3;10.2;15.8;5.9;44;128
3976;Paris;2016;4;13.5;18.8;8.0;42;171
3977;Paris;2016;5;17.7;24.0;11.9;53;181
3978;Paris;2016;6;19.2;24.8;13.7;52;190
3979;Paris;2016;7;22.2;27.8;17.4;54;179
3980;Paris;2016;8;22.6;27.2;18.3;54;181
3981;Paris;2016;9;19.6;26.0;13.8;69;194
3982;Paris;2016;10;12.9;18.4;8.4;58;125
3983;Paris;2016;11;9.1;15.1;4.5;40;61
3984;Paris;2016;12;6.2;12.6;1.5;50;42
3985;Nantes;2016;1;8.4;14.8;4.3;101;66
3986;Nantes;2016;2;8.7;13.3;3.6;48;93
3987;Nantes;2016;3;10.7;15.7;6.2;57;121
3988;Nantes;2016;4;14.2;19.7;9.4;67;140
3989;Nantes;2016;5;16.4;21.3;12.1;44;236
3990;Nantes;2016;6;20.3;25.1;15.4;35;179
3991;Nantes;2016;7;22.5;27.3;18.2;51;270
3992;Nantes;2016;8;21.2;26.2;16.6;37;257
3993;Nantes;2016;9;20.4;26.2;16.3;62;150
3994;Nantes;2016;10;16.0;22.3;11.9;74;97
3995;Nantes;2016;11;11.1;15.9;6.3;107;66
3996;Nantes;2016;12;7.8;12.5;1.8;77;57
3997;Bordeaux;2016;1;9.1;14.7;3.9;101;68
3998;Bordeaux;2016;2;8.6;13.4;3.4;58;96
3999;Bordeaux;2016;3;11.7;17.8;7.1;83;173
4000;Bordeaux;2016;4;16.4;21.9;11.2;71;173
4001;Bordeaux;2016;5;18.5;23.2;14.4;61;194
4002;Bordeaux;2016;6;21.5;27.5;17.4;47;256
4003;Bordeaux;2016;7;24.7;29.8;20.4;47;234
4004;Bordeaux;2016;8;23.4;29.3;18.6;41;209
4005;Bordeaux;2016;9;19.4;25.7;14.8;62;177
4006;Bordeaux;2016;10;17.2;23.3;12.2;101;107
4007;Bordeaux;2016;11;11.6;16.9;7.0;77;74
4008;Bordeaux;2016;12;9.8;15.5;4.9;101;64
4009;Marseille;2016;1;9.5;14.6;5.0;45;159
4010;Marseille;2016;2;10.8;16.4;6.2;43;147
4011;Marseille;2016;3;13.7;19.0;9.2;45;205
4012;Marseille;2016;4;16.5;21.2;10.6;33;263
4013;Marseille;2016;5;20.0;24.8;14.2;21;298
4014;Marseille;2016;6;24.2;29.3;19.3;21;315
4015;Marseille;2016;7;27.1;33.1;21.7;5;408
4016;Marseille;2016;8;27.3;33.7;22.0;15;286
4017;Marseille;2016;9;23.1;28.2;18.7;46;236
4018;Marseille;2016;10;19.5;25.1;15.2;81;188
4019;Marseille;2016;11;14.4;19.9;8.6;81;131
4020;Marseille;2016;12;10.1;14.9;5.7;69;142
4021;Lille;2017;1;4.9;11.3;0.7;64;44
4022;Lille;2017;2;5.5;11.2;0.5;38;62
4023;Lille;2017;3;9.5;14.3;4.2;31;123
4024;Lille;2017;4;12.9;17.7;8.5;34;124
4025;Lille;2017;5;16.6;21.9;11.7;60;160
4026;Lille;2017;6;18.9;23.4;14.5;46;200
4027;Lille;2017;7;21.3;27.1;15.3;49;147
4028;Lille;2017;8;20.9;26.4;15.9;52;196
4029;Lille;2017;9;17.8;23.1;12.2;56;149
4030;Lille;2017;10;12.9;19.1;8.1;52;101
4031;Lille;2017;11;8.4;14.3;2.6;48;41
4032;Lille;2017;12;5.3;11.5;0.7;67;38
4033;Paris;2017;1;6.4;11.6;1.9;52;64
4034;Paris;2017;2;7.4;13.7;2.4;54;76
4035;Paris;2017;3;9.4;14.1;4.5;45;128
4036;Paris;2017;4;14.4;19.5;8.7;60;178
4037;Paris;2017;5;17.1;23.2;12.8;47;184
4038;Paris;2017;6;19.6;25.2;15.6;56;198
4039;Paris;2017;7;21.8;28.3;17.1;64;192
4040;Paris;2017;8;22.9;28.2;18.0;54;246
4041;Paris;2017;9;19.0;24.1;14.6;67;168
4042;Paris;2017;10;14.2;19.5;8.8;77;123
4043;Paris;2017;11;9.4;15.2;3.6;57;52
4044;Paris;2017;12;6.7;12.7;1.4;40;55
4045;Nantes;2017;1;7.5;12.1;2.1;65;67
4046;Nantes;2017;2;8.2;14.3;4.1;69;76
4047;Nantes;2017;3;10.8;16.6;6.6;45;127
4048;Nantes;2017;4;13.3;18.8;7.9;43;164
4049;Nantes;2017;5;17.3;22.7;12.3;55;212
4050;Nantes;2017;6;18.5;24.0;14.0;38;228
4051;Nantes;2017;7;22.4;27.1;17.7;47;227
4052;Nantes;2017;8;21.2;26.6;16.1;39;178
4053;Nantes;2017;9;20.4;25.4;15.7;45;171
4054;Nantes;2017;10;14.7;19.7;10.6;96;127
4055;Nantes;2017;11;9.6;14.9;4.1;79;62
4056;Nantes;2017;12;7.8;12.7;3.0;68;53
4057;Bordeaux;2017;1;8.6;13.5;2.6;63;84
4058;Bordeaux;2017;2;9.2;15.4;3.9;56;105
4059;Bordeaux;2017;3;14.4;19.6;8.6;79;128
4060;Bordeaux;2017;4;15.6;21.2;11.4;57;190
4061;Bordeaux;2017;5;18.6;25.0;13.6;70;199
4062;Bordeaux;2017;6;22.6;27.4;17.2;69;186
4063;Bordeaux;2017;7;24.3;30.6;18.5;53;244
4064;Bordeaux;2017;8;24.1;29.4;19.2;45;204
4065;Bordeaux;2017;9;20.8;25.7;15.0;81;167
4066;Bordeaux;2017;10;15.5;20.8;10.6;65;134
4067;Bordeaux;2017;11;9.9;15.2;5.6;82;84
4068;Bordeaux;2017;12;9.2;14.6;3.8;80;79
4069;Marseille;2017;1;8.7;14.9;4.7;48;132
4070;Marseille;2017;2;10.8;15.7;4.9;44;137
4071;Marseille;2017;3;13.8;18.7;8.0;30;241
4072;Marseille;2017;4;16.2;21.5;11.7;28;201
4073;Marseille;2017;5;20.7;26.0;15.0;32;275
4074;Marseille;2017;6;24.6;30.1;19.5;14;364
4075;Marseille;2017;7;28.4;33.8;23.2;7;351
4076;Marseille;2017;8;25.8;31.8;21.8;19;335
4077;Marseille;2017;9;23.7;29.8;18.9;60;277
4078;Marseille;2017;10;18.2;24.1;12.3;70;167
4079;Marseille;2017;11;15.7;21.0;10.6;54;122
4080;Marseille;2017;12;10.9;16.1;5.3;51;153
4081;Lille;2018;1;4.7;10.3;0.1;55;46
4082;Lille;2018;2;6.5;11.5;1.6;46;74
4083;Lille;2018;3;8.5;13.6;4.2;38;126
4084;Lille;2018;4;12.9;17.5;8.6;49;135
4085;Lille;2018;5;17.3;23.1;12.5;62;189
4086;Lille;2018;6;18.6;24.2;13.1;43;201
4087;Lille;2018;7;20.8;26.6;16.2;67;205
4088;Lille;2018;8;20.6;25.1;15.1;52;195
4089;Lille;2018;9;17.5;22.7;11.6;61;114
4090;Lille;2018;10;11.6;16.8;6.5;51;82
4091;Lille;2018;11;9.7;15.0;3.9;65;44
4092;Lille;2018;12;6.2;12.5;2.0;59;43
4093;Paris;2018;1;6.9;11.8;1.4;53;55
4094;Paris;2018;2;7.2;12.1;1.9;44;83
4095;Paris;2018;3;11.1;16.1;5.8;45;111
4096;Paris;2018;4;14.0;19.8;8.5;40;195
4097;Paris;2018;5;17.2;23.4;12.7;69;169
4098;Paris;2018;6;20.0;25.5;15.2;65;235
4099;Paris;2018;7;23.2;28.6;19.2;57;244
4100;Paris;2018;8;22.1;28.3;17.6;54;245
4101;Paris;2018;9;18.3;24.6;13.4;44;182
4102;Paris;2018;10;14.4;19.0;9.7;55;122
4103;Paris;2018;11;9.3;15.8;4.0;49;73
4104;Paris;2018;12;6.8;11.9;1.7;70;58
4105;Nantes;2018;1;7.4;12.4;1.5;69;84
4106;Nantes;2018;2;8.2;14.6;3.5;87;82
4107;Nantes;2018;3;11.1;16.8;5.8;51;164
4108;Nantes;2018;4;13.8;19.0;8.9;41;207
4109;Nantes;2018;5;16.6;21.5;12.2;46;171
4110;Nantes;2018;6;20.7;26.8;15.1;46;237
4111;Nantes;2018;7;23.3;28.2;17.6;51;274
4112;Nantes;2018;8;23.0;28.2;17.1;36;190
4113;Nantes;2018;9;19.2;25.3;14.4;70;167
4114;Nantes;2018;10;15.7;20.3;10.8;80;125
4115;Nantes;2018;11;10.5;16.0;4.6;92;66
4116;Nantes;2018;12;8.3;13.6;3.7;80;67
4117;Bordeaux;2018;1;9.3;14.6;4.8;96;69
4118;Bordeaux;2018;2;9.2;15.4;3.2;69;79
4119;Bordeaux;2018;3;12.2;18.6;7.5;73;147
4120;Bordeaux;2018;4;15.6;20.2;10.5;83;197
4121;Bordeaux;2018;5;18.8;23.7;14.3;83;189
4122;Bordeaux;2018;6;22.2;28.5;16.7;71;235
4123;Bordeaux;2018;7;24.5;30.6;18.8;54;285
4124;Bordeaux;2018;8;24.0;29.0;19.7;58;202
4125;Bordeaux;2018;9;20.1;25.0;15.8;71;186
4126;Bordeaux;2018;10;16.6;21.2;11.4;87;105
4127;Bordeaux;2018;11;10.5;15.3;6.1;99;69
4128;Bordeaux;2018;12;8.9;13.6;4.0;68;72
4129;Marseille;2018;1;9.1;13.9;4.8;58;159
4130;Marseille;2018;2;10.7;16.5;6.7;38;177
4131;Marseille;2018;3;13.1;18.1;9.0;34;214
4132;Marseille;2018;4;17.4;22.0;12.7;37;238
4133;Marseille;2018;5;20.8;26.5;15.9;28;255
4134;Marseille;2018;6;23.9;29.9;18.8;16;298
4135;Marseille;2018;7;27.7;32.6;22.1;6;340
4136;Marseille;2018;8;27.1;33.0;22.2;12;401
4137;Marseille;2018;9;22.6;28.0;17.5;39;267
4138;Marseille;2018;10;18.3;24.2;14.1;61;157
4139;Marseille;2018;11;13.8;20.3;7.8;82;108
4140;Marseille;2018;12;10.4;15.2;5.6;67;134
4141;Lille;2019;1;6.4;12.3;0.8;55;56
4142;Lille;2019;2;5.4;11.2;0.4;40;79
4143;Lille;2019;3;9.8;14.3;4.9;46;126
4144;Lille;2019;4;11.9;17.4;6.7;31;163
4145;Lille;2019;5;16.6;22.4;11.6;45;200
4146;Lille;2019;6;19.1;23.6;13.3;59;151
4147;Lille;2019;7;24.1;30.6;18.6;89;208
4148;Lille;2019;8;21.8;27.6;17.1;58;151
4149;Lille;2019;9;16.4;21.5;11.6;45;153
4150;Lille;2019;10;13.2;18.0;8.5;77;97
4151;Lille;2019;11;8.4;13.5;2.9;64;44
4152;Lille;2019;12;5.6;10.5;-0.1;71;43
4153;Paris;2019;1;6.5;12.5;1.3;52;51
4154;Paris;2019;2;7.8;13.5;2.4;54;63
4155;Paris;2019;3;9.6;16.1;3.9;54;103
4156;Paris;2019;4;12.7;19.2;8.6;54;147
4157;Paris;2019;5;19.1;25.3;13.3;50;191
4158;Paris;2019;6;19.8;25.0;15.2;39;226
4159;Paris;2019;7;25.3;31.2;19.8;46;256
4160;Paris;2019;8;23.5;28.7;18.7;52;194
4161;Paris;2019;9;18.4;24.1;13.0;49;149
4162;Paris;2019;10;14.7;19.2;10.5;75;87
4163;Paris;2019;11;9.6;14.2;4.1;58;73
4164;Paris;2019;12;7.6;14.0;2.4;56;52
4165;Nantes;2019;1;7.3;12.5;3.2;81;80
4166;Nantes;2019;2;9.4;14.1;4.7;70;100
4167;Nantes;2019;3;11.9;17.8;6.9;56;127
4168;Nantes;2019;4;14.1;19.3;9.3;61;191
4169;Nantes;2019;5;15.6;20.2;10.9;62;182
4170;Nantes;2019;6;20.7;25.4;15.9;43;241
4171;Nantes;2019;7;27.0;33.0;21.4;39;272
4172;Nantes;2019;8;22.5;27.9;17.6;47;257
4173;Nantes;2019;9;19.2;23.7;13.8;42;156
4174;Nantes;2019;10;13.8;19.0;8.6;91;105
4175;Nantes;2019;11;10.9;16.5;5.3;90;77
4176;Nantes;2019;12;7.7;13.2;2.6;78;61
4177;Bordeaux;2019;1;8.7;14.9;4.1;62;70
4178;Bordeaux;2019;2;9.3;14.9;5.1;81;94
4179;Bordeaux;2019;3;13.2;18.0;7.6;54;119
4180;Bordeaux;2019;4;15.0;20.3;10.6;71;211
4181;Bordeaux;2019;5;19.1;24.5;14.7;55;216
4182;Bordeaux;2019;6;21.8;28.0;17.7;46;226
4183;Bordeaux;2019;7;28.0;33.3;22.4;47;237
4184;Bordeaux;2019;8;23.1;28.0;17.4;57;260
4185;Bordeaux;2019;9;20.0;26.1;15.0;61;204
4186;Bordeaux;2019;10;16.5;21.1;11.7;90;121
4187;Bordeaux;2019;11;9.8;15.7;5.7;88;98
4188;Bordeaux;2019;12;8.1;14.1;3.7;103;78
4189;Marseille;2019;1;9.9;16.1;5.8;41;178
4190;Marseille;2019;2;11.6;16.3;6.9;34;168
4191;Marseille;2019;3;15.3;20.2;10.7;35;202
4192;Marseille;2019;4;17.5;23.1;11.8;41;243
4193;Marseille;2019;5;20.7;26.4;15.8;35;285
4194;Marseille;2019;6;24.4;30.8;19.3;13;330
4195;Marseille;2019;7;31.5;37.0;26.5;6;301
4196;Marseille;2019;8;26.5;31.9;20.5;19;315
4197;Marseille;2019;9;23.5;28.7;17.7;61;256
4198;Marseille;2019;10;20.2;24.9;15.9;67;153
4199;Marseille;2019;11;14.0;19.3;8.2;60;133
4200;Marseille;2019;12;10.7;16.0;5.2;48;142
4201;Lille;2020;1;4.1;9.0;-0.1;54;56
4202;Lille;2020;2;5.7;12.1;1.2;52;68
4203;Lille;2020;3;7.9;14.2;3.3;40;110
4204;Lille;2020;4;12.0;16.8;7.8;50;170
4205;Lille;2020;5;15.7;20.4;11.4;60;188
4206;Lille;2020;6;19.4;25.4;14.2;56;164
4207;Lille;2020;7;19.5;25.7;14.7;53;203
4208;Lille;2020;8;19.9;25.4;14.5;59;180
4209;Lille;2020;9;17.4;23.5;12.9;62;134
4210;Lille;2020;10;13.0;18.4;8.4;59;86
4211;Lille;2020;11;7.3;12.6;1.9;53;58
4212;Lille;2020;12;5.8;11.8;0.2;76;46
4213;Paris;2020;1;5.7;10.4;-0.2;65;68
4214;Paris;2020;2;7.5;13.9;2.6;38;92
4215;Paris;2020;3;9.7;16.0;4.7;46;108
4216;Paris;2020;4;14.1;20.0;8.3;58;138
4217;Paris;2020;5;18.0;23.2;13.7;69;177
4218;Paris;2020;6;20.7;27.2;15.3;50;205
4219;Paris;2020;7;22.6;27.2;17.1;78;250
4220;Paris;2020;8;23.4;29.0;18.0;69;214
4221;Paris;2020;9;18.6;23.3;13.9;42;192
4222;Paris;2020;10;14.4;20.3;9.8;58;128
4223;Paris;2020;11;9.2;15.4;3.8;48;60
4224;Paris;2020;12;7.1;13.4;1.3;62;40
4225;Nantes;2020;1;6.7;12.6;1.7;64;87
4226;Nantes;2020;2;7.2;11.9;1.7;50;106
4227;Nantes;2020;3;11.3;16.2;6.3;46;152
4228;Nantes;2020;4;13.5;19.9;9.0;46;205
4229;Nantes;2020;5;15.4;20.2;10.8;53;216
4230;Nantes;2020;6;20.0;25.1;14.7;56;234
4231;Nantes;2020;7;23.5;28.6;19.3;33;238
4232;Nantes;2020;8;22.5;27.7;18.4;53;255
4233;Nantes;2020;9;20.3;26.3;14.7;52;160
4234;Nantes;2020;10;15.5;20.8;10.3;78;99
4235;Nantes;2020;11;10.6;15.3;5.9;90;89
4236;Nantes;2020;12;9.1;13.7;4.6;103;62
4237;Bordeaux;2020;1;7.1;12.0;1.4;77;72
4238;Bordeaux;2020;2;11.2;16.4;6.9;49;79
4239;Bordeaux;2020;3;11.3;16.6;5.8;70;157
4240;Bordeaux;2020;4;14.8;20.1;9.5;53;174
4241;Bordeaux;2020;5;18.1;24.2;13.5;72;178
4242;Bordeaux;2020;6;21.5;26.9;16.9;45;280
4243;Bordeaux;2020;7;23.7;29.8;19.4;53;302
4244;Bordeaux;2020;8;23.8;30.2;18.0;46;281
4245;Bordeaux;2020;9;21.8;27.9;17.6;80;215
4246;Bordeaux;2020;10;16.6;22.2;10.8;72;132
4247;Bordeaux;2020;11;10.0;15.7;4.2;87;76
4248;Bordeaux;2020;12;9.7;15.6;5.6;87;72
4249;Marseille;2020;1;9.7;15.0;4.9;49;147
4250;Marseille;2020;2;10.3;16.5;4.8;49;139
4251;Marseille;2020;3;13.9;19.9;8.9;40;210
4252;Marseille;2020;4;17.0;22.3;12.0;49;217
4253;Marseille;2020;5;19.4;25.0;14.7;36;293
4254;Marseille;2020;6;24.7;29.5;20.3;19;362
4255;Marseille;2020;7;28.4;34.6;23.4;6;334
4256;Marseille;2020;8;26.6;32.4;22.3;17;351
4257;Marseille;2020;9;23.1;29.3;17.3;52;273
4258;Marseille;2020;10;17.8;24.2;13.4;86;197
4259;Marseille;2020;11;14.6;19.2;10.1;64;121
4260;Marseille;2020;12;9.3;14.1;4.3;53;120
4261;Lille;2021;1;4.3;9.7;-1.7;43;57
4262;Lille;2021;2;5.8;12.1;0.4;53;58
4263;Lille;2021;3;9.5;15.3;4.7;49;129
4264;Lille;2021;4;11.6;17.8;6.2;54;140
4265;Lille;2021;5;15.9;20.8;11.7;49;163
4266;Lille;2021;6;20.2;25.5;15.3;60;174
4267;Lille;2021;7;20.7;27.1;15.3;76;216
4268;Lille;2021;8;20.7;27.1;15.7;45;185
4269;Lille;2021;9;17.7;22.8;13.6;55;145
4270;Lille;2021;10;13.5;19.9;8.5;55;95
4271;Lille;2021;11;7.0;12.7;1.2;50;43
4272;Lille;2021;12;5.1;10.9;-0.0;67;46
4273;Paris;2021;1;7.3;13.0;2.2;60;53
4274;Paris;2021;2;6.9;13.3;2.8;54;69
4275;Paris;2021;3;10.3;15.8;5.9;54;147
4276;Paris;2021;4;12.8;17.4;7.8;53;164
4277;Paris;2021;5;17.7;22.4;12.3;48;163
4278;Paris;2021;6;20.1;25.3;14.3;46;245
4279;Paris;2021;7;24.1;29.0;18.9;67;256
4280;Paris;2021;8;22.8;28.1;18.7;70;246
4281;Paris;2021;9;18.5;24.4;12.6;52;135
4282;Paris;2021;10;15.3;20.6;10.5;52;86
4283;Paris;2021;11;9.5;14.2;5.2;42;61
4284;Paris;2021;12;8.0;14.4;2.8;71;52
4285;Nantes;2021;1;8.4;14.6;3.2;83;77
4286;Nantes;2021;2;7.6;12.5;1.9;50;78
4287;Nantes;2021;3;11.1;16.3;6.8;47;119
4288;Nantes;2021;4;12.7;17.3;8.2;53;146
4289;Nantes;2021;5;16.4;21.0;11.5;57;177
4290;Nantes;2021;6;20.0;24.6;16.0;38;216
4291;Nantes;2021;7;22.2;28.5;16.8;29;271
4292;Nantes;2021;8;23.1;28.8;17.4;55;258
4293;Nantes;2021;9;18.3;24.7;13.5;59;164
4294;Nantes;2021;10;14.6;20.9;9.3;81;104
4295;Nantes;2021;11;8.7;14.8;3.2;103;86
4296;Nantes;2021;12;9.0;13.6;4.6;105;62
4297;Bordeaux;2021;1;9.0;14.9;3.6;91;76
4298;Bordeaux;2021;2;10.5;16.0;5.0;73;103
4299;Bordeaux;2021;3;12.9;18.2;8.2;61;132
4300;Bordeaux;2021;4;15.5;20.4;10.4;56;192
4301;Bordeaux;2021;5;18.2;23.2;13.7;64;239
4302;Bordeaux;2021;6;21.8;26.9;15.9;62;274
4303;Bordeaux;2021;7;24.7;29.2;19.8;39;307
4304;Bordeaux;2021;8;23.6;29.2;18.9;39;282
4305;Bordeaux;2021;9;20.7;27.0;15.4;90;178
4306;Bordeaux;2021;10;17.9;24.0;13.7;103;134
4307;Bordeaux;2021;11;12.4;18.1;6.4;94;73
4308;Bordeaux;2021;12;7.7;13.1;3.3;90;59
4309;Marseille;2021;1;9.6;15.8;3.9;53;134
4310;Marseille;2021;2;11.9;16.6;6.0;40;167
4311;Marseille;2021;3;14.4;19.3;9.9;45;174
4312;Marseille;2021;4;18.0;23.6;13.2;31;256
4313;Marseille;2021;5;20.0;24.7;15.5;36;256
4314;Marseille;2021;6;26.1;31.4;21.1;15;324
4315;Marseille;2021;7;28.0;34.2;22.5;4;357
4316;Marseille;2021;8;27.2;33.2;22.9;19;347
4317;Marseille;2021;9;24.1;30.4;19.4;62;200
4318;Marseille;2021;10;18.0;24.0;13.2;72;209
4319;Marseille;2021;11;14.4;20.1;8.7;72;137
4320;Marseille;2021;12;10.4;16.5;5.6;46;120
4321;Lille;2022;1;4.1;10.3;-1.3;65;53
4322;Lille;2022;2;5.6;11.3;0.2;30;76
4323;Lille;2022;3;9.5;15.9;4.0;36;128
4324;Lille;2022;4;12.5;17.5;7.5;38;152
4325;Lille;2022;5;16.8;22.6;12.8;56;195
4326;Lille;2022;6;18.2;24.7;12.6;55;198
4327;Lille;2022;7;21.8;28.1;17.1;53;163
4328;Lille;2022;8;21.6;27.1;17.0;66;147
4329;Lille;2022;9;16.5;22.9;11.6;45;115
4330;Lille;2022;10;12.7;17.7;7.5;67;78
4331;Lille;2022;11;7.3;11.9;2.4;65;46
4332;Lille;2022;12;6.3;11.6;1.3;59;36
4333;Paris;2022;1;7.0;12.6;1.9;46;70
4334;Paris;2022;2;8.1;14.6;3.6;42;91
4335;Paris;2022;3;10.1;15.8;5.4;36;143
4336;Paris;2022;4;14.1;20.3;9.6;44;147
4337;Paris;2022;5;17.3;22.8;12.9;59;163
4338;Paris;2022;6;22.8;28.1;16.8;39;238
4339;Paris;2022;7;21.3;27.2;16.5;47;241
4340;Paris;2022;8;22.8;28.7;17.8;42;172
4341;Paris;2022;9;19.3;25.5;15.3;61;133
4342;Paris;2022;10;15.3;21.6;10.3;73;87
4343;Paris;2022;11;9.3;14.0;3.3;49;52
4344;Paris;2022;12;6.6;12.6;2.2;49;46
4345;Nantes;2022;1;7.6;12.8;2.0;72;89
4346;Nantes;2022;2;7.3;12.6;2.1;63;75
4347;Nantes;2022;3;10.2;14.8;4.4;49;156
4348;Nantes;2022;4;13.7;20.1;7.9;46;170
4349;Nantes;2022;5;16.9;22.3;12.7;59;222
4350;Nantes;2022;6;19.9;24.9;15.1;57;202
4351;Nantes;2022;7;22.5;28.5;18.4;29;197
4352;Nantes;2022;8;21.6;26.2;15.9;39;261
4353;Nantes;2022;9;18.9;25.0;14.9;73;176
4354;Nantes;2022;10;15.4;21.1;10.1;95;127
4355;Nantes;2022;11;10.5;15.4;5.7;94;82
4356;Nantes;2022;12;8.4;13.6;3.3;60;66
4357;Bordeaux;2022;1;7.5;13.2;2.6;88;80
4358;Bordeaux;2022;2;10.1;14.8;5.0;86;84
4359;Bordeaux;2022;3;12.1;18.2;6.1;86;176
4360;Bordeaux;2022;4;15.6;21.1;11.5;79;154
4361;Bordeaux;2022;5;19.4;24.1;15.4;88;181
4362;Bordeaux;2022;6;24.6;31.0;19.4;51;189
4363;Bordeaux;2022;7;22.8;28.1;17.9;48;302
4364;Bordeaux;2022;8;24.1;29.3;19.0;55;273
4365;Bordeaux;2022;9;19.9;25.6;15.3;90;154
4366;Bordeaux;2022;10;16.5;21.1;12.1;80;108
4367;Bordeaux;2022;11;11.3;17.6;5.7;81;90
4368;Bordeaux;2022;12;8.4;14.6;2.7;83;67
4369;Marseille;2022;1;9.6;15.0;5.5;53;128
4370;Marseille;2022;2;11.0;16.1;5.8;30;143
4371;Marseille;2022;3;14.0;19.7;8.7;49;178
4372;Marseille;2022;4;16.0;22.2;11.6;40;224
4373;Marseille;2022;5;21.0;25.6;16.9;22;223
4374;Marseille;2022;6;24.4;30.1;20.1;16;378
4375;Marseille;2022;7;29.3;35.7;24.2;5;358
4376;Marseille;2022;8;27.5;32.2;22.5;20;385
4377;Marseille;2022;9;22.6;28.7;18.2;35;272
4378;Marseille;2022;10;19.1;25.4;14.4;54;184
4379;Marseille;2022;11;12.8;18.4;7.8;75;136
4380;Marseille;2022;12;10.2;15.0;5.3;54;118
4381;Lille;2023;1;5.2;11.6;-0.1;53;55
4382;Lille;2023;2;5.9;11.5;0.2;40;80
4383;Lille;2023;3;9.5;14.6;4.8;35;128
4384;Lille;2023;4;11.8;16.3;7.3;32;160
4385;Lille;2023;5;16.2;21.0;11.8;45;152
4386;Lille;2023;6;18.9;24.6;14.4;55;171
4387;Lille;2023;7;20.5;26.6;16.2;67;193
4388;Lille;2023;8;21.7;26.8;16.5;71;191
4389;Lille;2023;9;18.1;24.3;12.5;53;159
4390;Lille;2023;10;13.2;19.4;8.2;69;80
4391;Lille;2023;11;8.7;13.7;4.0;43;50
4392;Lille;2023;12;6.1;10.9;1.8;52;46
4393;Paris;2023;1;7.5;13.1;2.5;57;55
4394;Paris;2023;2;7.0;13.1;1.7;32;87
4395;Paris;2023;3;9.6;15.0;4.7;43;130
4396;Paris;2023;4;14.1;19.6;9.5;61;140
4397;Paris;2023;5;17.8;23.8;13.3;61;170
4398;Paris;2023;6;20.1;25.3;15.0;59;244
4399;Paris;2023;7;22.4;27.6;17.5;57;223
4400;Paris;2023;8;22.5;28.6;16.8;47;243
4401;Paris;2023;9;19.5;25.9;15.2;47;133
4402;Paris;2023;10;14.7;20.6;9.5;64;86
4403;Paris;2023;11;9.9;14.8;5.4;37;56
4404;Paris;2023;12;8.2;13.4;2.5;40;42
4405;Nantes;2023;1;7.0;11.8;1.3;62;69
4406;Nantes;2023;2;8.9;14.3;4.7;81;92
4407;Nantes;2023;3;10.6;16.9;4.8;58;131
4408;Nantes;2023;4;14.2;19.2;10.1;59;200
4409;Nantes;2023;5;17.2;22.3;13.0;48;237
4410;Nantes;2023;6;19.8;25.4;14.5;34;194
4411;Nantes;2023;7;23.5;29.2;18.5;40;217
4412;Nantes;2023;8;22.5;28.3;16.8;48;188
4413;Nantes;2023;9;18.5;23.9;13.4;49;145
4414;Nantes;2023;10;13.8;20.2;9.6;106;120
4415;Nantes;2023;11;10.1;15.4;5.6;103;87
4416;Nantes;2023;12;7.2;13.0;2.0;81;53
4417;Bordeaux;2023;1;8.8;14.3;3.7;82;76
4418;Bordeaux;2023;2;9.0;14.8;4.0;78;113
4419;Bordeaux;2023;3;14.1;20.5;9.9;69;121
4420;Bordeaux;2023;4;15.2;21.5;10.7;86;174
4421;Bordeaux;2023;5;18.7;24.4;12.9;57;214
4422;Bordeaux;2023;6;23.0;28.6;18.6;47;219
4423;Bordeaux;2023;7;23.2;28.7;17.4;34;279
4424;Bordeaux;2023;8;24.1;28.8;18.9;48;224
4425;Bordeaux;2023;9;20.1;25.8;16.0;51;208
4426;Bordeaux;2023;10;15.5;22.0;10.2;108;146
4427;Bordeaux;2023;11;12.1;17.7;8.1;74;98
4428;Bordeaux;2023;12;9.2;14.1;4.1;63;70
4429;Marseille;2023;1;10.6;15.5;5.4;45;129
4430;Marseille;2023;2;10.8;16.1;5.0;30;160
4431;Marseille;2023;3;14.4;19.2;9.5;34;243
4432;Marseille;2023;4;17.3;22.1;11.4;30;232
4433;Marseille;2023;5;20.6;25.9;15.8;34;267
4434;Marseille;2023;6;24.5;29.4;20.1;15;312
4435;Marseille;2023;7;29.2;34.1;24.5;8;390
4436;Marseille;2023;8;26.9;31.9;21.0;12;401
4437;Marseille;2023;9;24.2;30.7;19.2;61;247
4438;Marseille;2023;10;18.9;25.1;14.7;76;141
4439;Marseille;2023;11;15.1;20.7;10.7;69;135
4440;Marseille;2023;12;11.7;17.5;6.4;68;144
